timestamp,quantity_produced,avg_processing_time,avg_waiting_time,defect_volume,avg_defect_rate
2023-05-25 04:11:02.400000,1,2000,0,0,0.0
2023-05-25 04:11:10.600000,2,1899,6000,0,0.0
2023-05-25 04:11:14.200000,3,1866,3700,0,0.0
2023-05-25 04:11:18,4,1850,3000,0,0.0
2023-05-25 04:11:21.800000,5,1840,2649,0,0.0
2023-05-25 04:11:25.400000,6,1866,2359,0,0.0
2023-05-25 04:11:31.200000,7,1857,2566,0,0.0
2023-05-25 04:11:34.800000,8,1850,2399,0,0.0
2023-05-25 04:11:40.600000,9,1866,2524,0,0.0
2023-05-25 04:11:44.600000,10,1860,2444,0,0.0
2023-05-25 04:11:48.400000,11,1872,2339,0,0.0
2023-05-25 04:11:52.400000,12,1866,2290,0,0.0
2023-05-25 04:11:56.600000,13,1876,2250,0,0.0
2023-05-25 04:12:00.200000,14,1871,2184,0,0.0
2023-05-25 04:12:05,15,1866,2214,0,0.0
2023-05-25 04:12:09.800000,16,1862,2239,0,0.0
2023-05-25 04:12:13.800000,17,1858,2212,0,0.0
2023-05-25 04:12:18.800000,18,1855,2247,0,0.0
2023-05-25 04:12:31.400000,19,1852,2699,0,0.0
2023-05-25 04:12:39.800000,20,1849,2884,0,0.0
2023-05-25 04:12:44,21,1847,2839,0,0.0
2023-05-25 04:12:49.200000,22,1845,2847,0,0.0
2023-05-25 04:12:53.200000,23,1843,2799,0,0.0
2023-05-25 04:12:59.600000,24,1841,2860,0,0.0
2023-05-25 04:13:03.800000,25,1839,2825,0,0.0
2023-05-25 04:13:07.600000,26,1838,2775,0,0.0
2023-05-25 04:13:14.400000,27,1844,2838,0,0.0
2023-05-25 04:13:19,28,1850,2814,0,0.0
2023-05-25 04:13:22.600000,29,1848,2764,0,0.0
2023-05-25 04:13:26.400000,30,1846,2724,0,0.0
2023-05-25 04:13:30.600000,31,1845,2700,0,0.0
2023-05-25 04:13:34.200000,32,1843,2658,0,0.0
2023-05-25 04:13:39.800000,33,1842,2681,0,0.0
2023-05-25 04:13:45.800000,34,1841,2715,0,0.0
2023-05-25 04:13:51.600000,35,1840,2741,0,0.0
2023-05-25 04:13:55.400000,36,1838,2708,0,0.0
2023-05-25 04:13:59.200000,37,1837,2677,1,0.027027028
2023-05-25 04:14:03.200000,38,1836,2654,1,0.027027028
2023-05-25 04:14:06.800000,39,1835,2621,1,0.027027028
2023-05-25 04:14:11,40,1835,2605,1,0.027027028
2023-05-25 04:14:14.600000,41,1834,2575,1,0.027027028
2023-05-25 04:14:18.400000,42,1833,2551,1,0.027027028
2023-05-25 04:14:22.800000,43,1832,2542,1,0.027027028
2023-05-25 04:14:28,44,1836,2548,1,0.027027028
2023-05-25 04:14:32,45,1835,2531,1,0.027027028
2023-05-25 04:14:35.800000,46,1839,2506,1,0.027027028
2023-05-25 04:14:39.400000,47,1838,2482,1,0.027027028
2023-05-25 04:14:44.600000,48,1837,2493,1,0.027027028
2023-05-25 04:14:48.400000,49,1836,2475,1,0.027027028
2023-05-25 04:14:52.600000,50,1836,2465,1,0.027027028
2023-05-25 04:15:00.800000,51,1835,2536,1,0.027027028
2023-05-25 04:15:04.400000,52,1834,2513,1,0.027027028
2023-05-25 04:15:08.200000,53,1833,2496,1,0.027027028
2023-05-25 04:15:12,54,1833,2479,1,0.027027028
2023-05-25 04:15:15.800000,55,1832,2462,1,0.027027028
2023-05-25 04:15:20.400000,56,1832,2461,1,0.027027028
2023-05-25 04:15:25.800000,57,1838,2467,1,0.027027028
2023-05-25 04:15:29.200000,58,1837,2445,1,0.027027028
2023-05-25 04:15:33.200000,59,1837,2434,1,0.027027028
2023-05-25 04:15:37.200000,60,1836,2423,1,0.027027028
2023-05-25 04:15:46.400000,61,1918,2416,1,0.027027028
2023-05-25 04:15:51.400000,62,1916,2422,1,0.027027028
2023-05-25 04:15:55.800000,63,1917,2416,1,0.027027028
2023-05-25 04:15:59.400000,64,1915,2399,1,0.027027028
2023-05-25 04:16:03.600000,65,1920,2387,1,0.027027028
2023-05-25 04:16:08.200000,66,1918,2387,1,0.027027028
2023-05-25 04:16:13.800000,67,1916,2403,1,0.027027028
2023-05-25 04:16:21.800000,68,1970,2397,1,0.027027028
2023-05-25 04:16:37.400000,69,2142,2382,1,0.027027028
2023-05-25 04:16:54.800000,70,2314,2388,1,0.027027028
2023-05-25 04:17:00.600000,71,2307,2405,1,0.027027028
2023-05-25 04:17:05.800000,72,2300,2414,1,0.027027028
2023-05-25 04:17:10.400000,73,2293,2413,1,0.027027028
2023-05-25 04:17:15.200000,74,2286,2416,1,0.027027028
2023-05-25 04:17:19.600000,75,2282,2410,1,0.027027028
2023-05-25 04:17:23.400000,76,2276,2399,1,0.027027028
2023-05-25 04:17:30,77,2270,2426,1,0.027027028
2023-05-25 04:17:33.600000,78,2264,2412,1,0.027027028
2023-05-25 04:17:38.200000,79,2260,2410,1,0.027027028
2023-05-25 04:17:42,80,2255,2399,1,0.027027028
2023-05-25 04:17:48,81,2249,2417,1,0.027027028
2023-05-25 04:17:53,82,2243,2422,1,0.027027028
2023-05-25 04:17:57,83,2238,2414,1,0.027027028
2023-05-25 04:18:01,84,2233,2407,1,0.027027028
2023-05-25 04:18:05.400000,85,2228,2404,1,0.027027028
2023-05-25 04:18:11.400000,86,2225,2418,1,0.027027028
2023-05-25 04:18:16.800000,87,2220,2427,1,0.027027028
2023-05-25 04:18:20.800000,88,2215,2420,1,0.027027028
2023-05-25 04:18:24.600000,89,2208,2413,1,0.027027028
2023-05-25 04:18:28.800000,90,2204,2408,1,0.027027028
2023-05-25 04:18:33.400000,91,2200,2408,1,0.027027028
2023-05-25 04:18:41.600000,92,2195,2448,1,0.027027028
2023-05-25 04:18:46.400000,93,2191,2449,1,0.027027028
2023-05-25 04:18:50.600000,94,2187,2445,1,0.027027028
2023-05-25 04:18:54.800000,95,2183,2440,1,0.027027028
2023-05-25 04:18:59.200000,96,2179,2437,1,0.027027028
2023-05-25 04:19:06.800000,97,2175,2468,1,0.027027028
2023-05-25 04:19:10.800000,98,2171,2461,1,0.027027028
2023-05-25 04:19:15.400000,99,2167,2461,1,0.027027028
2023-05-25 04:19:19.800000,100,2164,2458,1,0.027027028
2023-05-25 04:19:24.800000,101,2160,2461,1,0.027027028
2023-05-25 04:19:29.800000,102,2156,2465,1,0.027027028
2023-05-25 04:19:34.400000,103,2153,2464,1,0.027027028
2023-05-25 04:19:41.400000,104,2150,2487,1,0.027027028
2023-05-25 04:19:47.800000,105,2146,2503,1,0.027027028
2023-05-25 04:19:52.200000,106,2143,2500,1,0.027027028
2023-05-25 04:20:00.600000,107,2140,2535,1,0.027027028
2023-05-25 04:20:04,108,2137,2523,1,0.027027028
2023-05-25 04:20:07.600000,109,2133,2512,1,0.027027028
2023-05-25 04:20:16,110,2132,2544,1,0.027027028
2023-05-25 04:20:20.200000,111,2129,2539,1,0.027027028
2023-05-25 04:20:24.200000,112,2128,2531,1,0.027027028
2023-05-25 04:20:30.200000,113,2129,2539,1,0.027027028
2023-05-25 04:22:35.200000,114,2126,3603,1,0.027027028
2023-05-25 04:22:39,115,2123,3585,1,0.027027028
2023-05-25 04:22:47.400000,116,2120,3608,1,0.027027028
2023-05-25 04:22:51.800000,117,2117,3596,1,0.027027028
2023-05-25 04:22:56.400000,118,2115,3586,1,0.027027028
2023-05-25 04:23:01.600000,119,2112,3581,1,0.027027028
2023-05-25 04:23:07.600000,120,2110,3583,1,0.027027028
2023-05-25 04:23:11.600000,121,2107,3568,1,0.027027028
2023-05-25 04:23:15.800000,122,2104,3555,1,0.027027028
2023-05-25 04:23:22,123,2102,3559,1,0.027027028
2023-05-25 04:23:27,124,2100,3552,1,0.027027028
2023-05-25 04:23:32.400000,125,2096,3551,1,0.027027028
2023-05-25 04:23:36.200000,126,2093,3535,1,0.027027028
2023-05-25 04:23:40.200000,127,2091,3522,1,0.027027028
2023-05-25 04:23:44.800000,128,2089,3513,1,0.027027028
2023-05-25 04:23:51.400000,129,2086,3520,1,0.027027028
2023-05-25 04:23:57.600000,130,2086,3522,1,0.027027028
2023-05-25 04:24:04,131,2083,3527,1,0.027027028
2023-05-25 04:24:07.800000,132,2081,3512,1,0.027027028
2023-05-25 04:24:11.400000,133,2079,3496,1,0.027027028
2023-05-25 04:24:15.200000,134,2077,3482,1,0.027027028
2023-05-25 04:24:18.800000,135,2075,3467,1,0.027027028
2023-05-25 04:24:23.800000,136,2073,3462,1,0.027027028
2023-05-25 04:24:28.200000,137,2071,3452,1,0.027027028
2023-05-25 04:24:32.400000,138,2069,3442,1,0.027027028
2023-05-25 04:24:36.200000,139,2067,3428,1,0.027027028
2023-05-25 04:24:40.400000,140,2065,3418,1,0.027027028
2023-05-25 04:24:52.200000,141,2063,3462,1,0.027027028
2023-05-25 04:24:56,142,2061,3449,1,0.027027028
2023-05-25 04:25:00.600000,143,2060,3442,1,0.027027028
2023-05-25 04:25:05.200000,144,2058,3434,1,0.027027028
2023-05-25 04:25:09.400000,145,2056,3424,1,0.027027028
2023-05-25 04:25:16.200000,146,2054,3433,1,0.027027028
2023-05-25 04:25:20.400000,147,2053,3423,1,0.027027028
2023-05-25 04:25:26,148,2051,3423,1,0.027027028
2023-05-25 04:25:30,149,2049,3412,1,0.027027028
2023-05-25 04:25:34,150,2048,3401,1,0.027027028
2023-05-25 04:25:38.600000,151,2046,3394,1,0.027027028
2023-05-25 04:25:42.800000,152,2044,3385,1,0.027027028
2023-05-25 04:25:46.600000,153,2043,3373,1,0.027027028
2023-05-25 04:25:50.600000,154,2041,3363,1,0.027027028
2023-05-25 04:25:57.200000,155,2040,3370,1,0.027027028
2023-05-25 04:26:04.400000,156,2038,3380,1,0.027027028
2023-05-25 04:26:08.200000,157,2036,3369,1,0.027027028
2023-05-25 04:26:12.200000,158,2036,3357,1,0.027027028
2023-05-25 04:26:15.800000,159,2035,3345,1,0.027027028
2023-05-25 04:26:20.800000,160,2033,3342,1,0.027027028
2023-05-25 04:26:24.600000,161,2032,3331,1,0.027027028
2023-05-25 04:26:28.400000,162,2030,3320,1,0.027027028
2023-05-25 04:26:32,163,2029,3308,1,0.027027028
2023-05-25 04:26:36.800000,164,2028,3304,1,0.027027028
2023-05-25 04:26:42.400000,165,2026,3304,1,0.027027028
2023-05-25 04:26:46.400000,166,2025,3295,1,0.027027028
2023-05-25 04:26:52,167,2025,3295,1,0.027027028
2023-05-25 04:26:55.800000,168,2023,3285,1,0.027027028
2023-05-25 04:27:00,169,2022,3277,1,0.027027028
2023-05-25 04:27:09.600000,170,2045,3276,1,0.027027028
2023-05-25 04:27:15.200000,171,2044,3277,1,0.027027028
2023-05-25 04:27:23,172,2065,3269,1,0.027027028
2023-05-25 04:27:27,173,2063,3260,1,0.027027028
2023-05-25 04:27:32.400000,174,2063,3258,1,0.027027028
2023-05-25 04:27:37.800000,175,2061,3258,1,0.027027028
2023-05-25 04:27:42.600000,176,2063,3251,1,0.027027028
2023-05-25 04:27:46.600000,177,2065,3239,1,0.027027028
2023-05-25 04:27:51.600000,178,2064,3237,1,0.027027028
2023-05-25 04:28:00,179,2088,3228,1,0.027027028
2023-05-25 04:28:04.200000,180,2086,3221,1,0.027027028
2023-05-25 04:28:09.800000,181,2086,3221,1,0.027027028
2023-05-25 04:28:14.400000,182,2086,3214,1,0.027027028
2023-05-25 04:28:24.400000,183,2119,3205,1,0.027027028
2023-05-25 04:28:28.800000,184,2119,3197,1,0.027027028
2023-05-25 04:28:35.400000,185,2117,3204,1,0.027027028
2023-05-25 04:28:39.400000,186,2117,3195,1,0.027027028
2023-05-25 04:28:43.200000,187,2115,3187,1,0.027027028
2023-05-25 04:28:50.800000,188,2113,3198,1,0.027027028
2023-05-25 04:28:54.600000,189,2112,3190,1,0.027027028
2023-05-25 04:29:03.400000,190,2136,3182,1,0.027027028
2023-05-25 04:29:09.800000,191,2135,3187,1,0.027027028
2023-05-25 04:29:22.200000,192,2133,3224,1,0.027027028
2023-05-25 04:29:28.200000,193,2131,3227,1,0.027027028
2023-05-25 04:29:32,194,2129,3218,1,0.027027028
2023-05-25 04:29:40,195,2148,3211,1,0.027027028
2023-05-25 04:29:46.400000,196,2147,3215,1,0.027027028
2023-05-25 04:29:53.600000,197,2164,3206,1,0.027027028
2023-05-25 04:29:57.600000,198,2162,3198,1,0.027027028
2023-05-25 04:30:01.400000,199,2161,3189,1,0.027027028
2023-05-25 04:30:07.200000,200,2160,3191,1,0.027027028
2023-05-25 04:30:11,201,2158,3184,1,0.027027028
2023-05-25 04:30:18.600000,202,2156,3195,1,0.027027028
2023-05-25 04:30:22.200000,203,2154,3186,1,0.027027028
2023-05-25 04:30:26.200000,204,2152,3179,2,0.009803922
2023-05-25 04:30:32,205,2151,3181,2,0.009803922
2023-05-25 04:30:36,206,2149,3174,2,0.009803922
2023-05-25 04:30:40,207,2148,3166,2,0.009803922
2023-05-25 04:30:43.600000,208,2147,3158,2,0.009803922
2023-05-25 04:30:48.400000,209,2145,3155,2,0.009803922
2023-05-25 04:30:55.400000,210,2143,3163,2,0.009803922
2023-05-25 04:30:59.200000,211,2142,3156,2,0.009803922
2023-05-25 04:31:02.800000,212,2140,3147,2,0.009803922
2023-05-25 04:31:08.600000,213,2138,3150,2,0.009803922
2023-05-25 04:31:13.200000,214,2137,3146,2,0.009803922
2023-05-25 04:31:19,215,2135,3148,2,0.009803922
2023-05-25 04:31:22.600000,216,2134,3140,2,0.009803922
2023-05-25 04:31:27,217,2132,3136,2,0.009803922
2023-05-25 04:31:31.200000,218,2131,3130,2,0.009803922
2023-05-25 04:31:34.800000,219,2129,3122,2,0.009803922
2023-05-25 04:31:38.600000,220,2128,3115,2,0.009803922
2023-05-25 04:31:42.800000,221,2126,3110,2,0.009803922
2023-05-25 04:31:46.400000,222,2125,3103,2,0.009803922
2023-05-25 04:31:50,223,2123,3095,2,0.009803922
2023-05-25 04:31:53.800000,224,2123,3087,2,0.009803922
2023-05-25 04:31:58.200000,225,2121,3083,2,0.009803922
2023-05-25 04:32:02.200000,226,2120,3078,2,0.009803922
2023-05-25 04:32:08,227,2118,3080,2,0.009803922
2023-05-25 04:32:12.400000,228,2117,3076,2,0.009803922
2023-05-25 04:32:16.800000,229,2116,3072,2,0.009803922
2023-05-25 04:32:22.400000,230,2114,3074,2,0.009803922
2023-05-25 04:32:26.800000,231,2113,3070,2,0.009803922
2023-05-25 04:32:33.800000,232,2112,3077,2,0.009803922
2023-05-25 04:32:37.800000,233,2110,3072,2,0.009803922
2023-05-25 04:32:41.800000,234,2109,3066,2,0.009803922
2023-05-25 04:32:45.600000,235,2108,3060,2,0.009803922
2023-05-25 04:32:54.400000,236,2106,3075,2,0.009803922
2023-05-25 04:32:58.600000,237,2105,3071,2,0.009803922
2023-05-25 04:33:03,238,2105,3066,2,0.009803922
2023-05-25 04:33:06.800000,239,2103,3060,2,0.009803922
2023-05-25 04:33:12.200000,240,2102,3061,2,0.009803922
2023-05-25 04:33:18.200000,241,2101,3064,2,0.009803922
2023-05-25 04:33:22,242,2100,3058,2,0.009803922
2023-05-25 04:33:25.600000,243,2098,3051,2,0.009803922
2023-05-25 04:33:31.400000,244,2097,3053,2,0.009803922
2023-05-25 04:33:35.200000,245,2096,3047,2,0.009803922
2023-05-25 04:33:42,246,2095,3053,2,0.009803922
2023-05-25 04:33:46.200000,247,2093,3049,2,0.009803922
2023-05-25 04:33:55.800000,248,2091,3068,2,0.009803922
2023-05-25 04:33:59.600000,249,2090,3062,2,0.009803922
2023-05-25 04:34:03.800000,250,2089,3057,2,0.009803922
2023-05-25 04:34:09.800000,251,2088,3060,2,0.009803922
2023-05-25 04:34:14.400000,252,2087,3058,2,0.009803922
2023-05-25 04:34:18.200000,253,2086,3052,2,0.009803922
2023-05-25 04:34:22.800000,254,2085,3049,3,0.011811024
2023-05-25 04:34:26.800000,255,2083,3044,3,0.011811024
2023-05-25 04:34:34.400000,256,2082,3054,3,0.011811024
2023-05-25 04:34:38.200000,257,2081,3048,3,0.011811024
2023-05-25 04:34:42,258,2080,3042,3,0.011811024
2023-05-25 04:34:46,259,2079,3037,3,0.011811024
2023-05-25 04:34:50.400000,260,2078,3034,3,0.011811024
2023-05-25 04:34:54.200000,261,2076,3030,3,0.011811024
2023-05-25 04:35:01.200000,262,2075,3036,3,0.011811024
2023-05-25 04:35:05,263,2074,3031,3,0.011811024
2023-05-25 04:35:08.800000,264,2073,3025,3,0.011811024
2023-05-25 04:35:12.600000,265,2072,3020,3,0.011811024
2023-05-25 04:35:26.400000,266,2071,3052,3,0.011811024
2023-05-25 04:35:30.200000,267,2070,3047,3,0.011811024
2023-05-25 04:35:34,268,2069,3041,3,0.011811024
2023-05-25 04:35:40.200000,269,2068,3045,3,0.011811024
2023-05-25 04:35:44,270,2067,3040,3,0.011811024
2023-05-25 04:35:50.200000,271,2067,3042,3,0.011811024
2023-05-25 04:35:57,272,2066,3048,3,0.011811024
2023-05-25 04:36:00.800000,273,2065,3043,3,0.011811024
2023-05-25 04:36:05.600000,274,2064,3041,3,0.011811024
2023-05-25 04:36:15.800000,275,2063,3059,3,0.011811024
2023-05-25 04:36:20.200000,276,2062,3056,3,0.011811024
2023-05-25 04:36:23.800000,277,2061,3050,3,0.011811024
2023-05-25 04:36:27.600000,278,2060,3045,3,0.011811024
2023-05-25 04:36:31.200000,279,2059,3039,3,0.011811024
2023-05-25 04:36:35.800000,280,2058,3037,3,0.011811024
2023-05-25 04:36:39.200000,281,2056,3031,3,0.011811024
2023-05-25 04:36:43,282,2056,3026,3,0.011811024
2023-05-25 04:36:47.400000,283,2055,3023,3,0.011811024
2023-05-25 04:36:51.400000,284,2054,3019,3,0.011811024
2023-05-25 04:36:55.600000,285,2053,3015,3,0.011811024
2023-05-25 04:37:01.600000,286,2052,3018,3,0.011811024
2023-05-25 04:37:06,287,2050,3016,3,0.011811024
2023-05-25 04:37:11.800000,288,2050,3018,3,0.011811024
2023-05-25 04:37:16,289,2049,3014,3,0.011811024
2023-05-25 04:37:19.800000,290,2048,3009,3,0.011811024
2023-05-25 04:37:38,291,2060,3041,3,0.011811024
2023-05-25 04:37:45.400000,292,2072,3035,3,0.011811024
2023-05-25 04:37:49,293,2071,3030,3,0.011811024
2023-05-25 04:38:00.600000,294,2097,3025,3,0.011811024
2023-05-25 04:38:04.400000,295,2096,3019,3,0.011811024
2023-05-25 04:38:11.600000,296,2108,3014,3,0.011811024
2023-05-25 04:38:15.400000,297,2107,3009,3,0.011811024
2023-05-25 04:38:22,298,2106,3014,3,0.011811024
2023-05-25 04:38:26.200000,299,2105,3010,3,0.011811024
2023-05-25 04:38:30,300,2104,3006,3,0.011811024
2023-05-25 04:38:35.600000,301,2103,3006,3,0.011811024
2023-05-25 04:38:42.200000,302,2103,3010,3,0.011811024
2023-05-25 04:38:46.400000,303,2102,3006,3,0.011811024
2023-05-25 04:38:52.200000,304,2101,3008,3,0.011811024
2023-05-25 04:38:56.200000,305,2102,3003,3,0.011811024
2023-05-25 04:39:01,306,2101,3001,3,0.011811024
2023-05-25 04:39:08.200000,307,2100,3008,3,0.011811024
2023-05-25 04:39:13.800000,308,2099,3009,3,0.011811024
2023-05-25 04:39:17.600000,309,2098,3005,3,0.011811024
2023-05-25 04:39:21.200000,310,2097,3000,3,0.011811024
2023-05-25 04:39:25.200000,311,2096,2996,3,0.011811024
2023-05-25 04:39:29.200000,312,2095,2992,4,0.012820513
2023-05-25 04:39:37,313,2094,3000,4,0.012820513
2023-05-25 04:39:40.800000,314,2093,2996,4,0.012820513
2023-05-25 04:39:45.200000,315,2092,2993,4,0.012820513
2023-05-25 04:39:49.400000,316,2091,2990,4,0.012820513
2023-05-25 04:39:53.200000,317,2090,2986,4,0.012820513
2023-05-25 04:39:57.200000,318,2089,2982,4,0.012820513
2023-05-25 04:40:01,319,2089,2977,4,0.012820513
2023-05-25 04:40:05.600000,320,2088,2976,4,0.012820513
2023-05-25 04:40:10.200000,321,2087,2974,4,0.012820513
2023-05-25 04:40:19.800000,322,2086,2988,4,0.012820513
2023-05-25 04:40:24.400000,323,2085,2986,4,0.012820513
2023-05-25 04:40:28.600000,324,2084,2983,4,0.012820513
2023-05-25 04:40:32.800000,325,2083,2980,4,0.012820513
2023-05-25 04:40:36.800000,326,2082,2976,4,0.012820513
2023-05-25 04:40:43,327,2081,2979,4,0.012820513
2023-05-25 04:40:52.400000,328,2081,2992,4,0.012820513
2023-05-25 04:40:56.800000,329,2080,2990,4,0.012820513
2023-05-25 04:41:00.400000,330,2079,2985,4,0.012820513
2023-05-25 04:41:07.200000,331,2078,2990,4,0.012820513
2023-05-25 04:41:13,332,2077,2992,4,0.012820513
2023-05-25 04:41:17.400000,333,2076,2989,4,0.012820513
2023-05-25 04:41:21.600000,334,2076,2986,4,0.012820513
2023-05-25 04:41:25.600000,335,2075,2983,4,0.012820513
2023-05-25 04:41:29.600000,336,2074,2979,4,0.012820513
2023-05-25 04:41:34.600000,337,2073,2979,4,0.012820513
2023-05-25 04:41:40.200000,338,2072,2980,4,0.012820513
2023-05-25 04:41:44.200000,339,2071,2976,4,0.012820513
2023-05-25 04:41:48.800000,340,2071,2975,4,0.012820513
2023-05-25 04:41:55.200000,341,2069,2979,4,0.012820513
2023-05-25 04:41:59.400000,342,2070,2975,4,0.012820513
2023-05-25 04:42:03.400000,343,2069,2971,4,0.012820513
2023-05-25 04:42:08.200000,344,2068,2970,4,0.012820513
2023-05-25 04:42:12,345,2067,2966,4,0.012820513
2023-05-25 04:42:17.800000,346,2067,2968,4,0.012820513
2023-05-25 04:42:22.400000,347,2066,2967,4,0.012820513
2023-05-25 04:42:27.400000,348,2065,2966,4,0.012820513
2023-05-25 04:42:31.200000,349,2064,2962,4,0.012820513
2023-05-25 04:42:35,350,2064,2958,4,0.012820513
2023-05-25 04:42:40,351,2063,2958,4,0.012820513
2023-05-25 04:42:45.400000,352,2061,2959,4,0.012820513
2023-05-25 04:42:49.800000,353,2061,2957,4,0.012820513
2023-05-25 04:42:54.200000,354,2060,2955,4,0.012820513
2023-05-25 04:42:58.600000,355,2059,2953,4,0.012820513
2023-05-25 04:43:02.600000,356,2058,2949,4,0.012820513
2023-05-25 04:43:08.600000,357,2058,2951,4,0.012820513
2023-05-25 04:43:13.400000,358,2058,2950,4,0.012820513
2023-05-25 04:43:19,359,2057,2951,4,0.012820513
2023-05-25 04:43:23.400000,360,2056,2949,4,0.012820513
2023-05-25 04:43:28.400000,361,2055,2949,4,0.012820513
2023-05-25 04:43:32.600000,362,2055,2946,4,0.012820513
2023-05-25 04:43:38.200000,363,2054,2948,4,0.012820513
2023-05-25 04:43:52.200000,364,2053,2972,4,0.012820513
2023-05-25 04:43:56.200000,365,2053,2969,4,0.012820513
2023-05-25 04:44:00,366,2052,2965,4,0.012820513
2023-05-25 04:44:05.800000,367,2051,2967,4,0.012820513
2023-05-25 04:44:09.600000,368,2050,2964,4,0.012820513
2023-05-25 04:44:13.400000,369,2049,2960,4,0.012820513
2023-05-25 04:44:19,370,2049,2961,4,0.012820513
2023-05-25 04:44:27.600000,371,2048,2970,4,0.012820513
2023-05-25 04:46:31.600000,372,2047,3291,4,0.012820513
2023-05-25 04:46:35.200000,373,2047,3286,4,0.012820513
2023-05-25 04:46:39,374,2046,3281,4,0.012820513
2023-05-25 04:46:43,375,2045,3277,4,0.012820513
2023-05-25 04:46:49.800000,376,2045,3281,4,0.012820513
2023-05-25 04:46:53.800000,377,2044,3277,4,0.012820513
2023-05-25 04:46:58.400000,378,2043,3274,4,0.012820513
2023-05-25 04:47:06.200000,379,2043,3280,4,0.012820513
2023-05-25 04:47:12.200000,380,2042,3282,4,0.012820513
2023-05-25 04:47:16.400000,381,2041,3278,4,0.012820513
2023-05-25 04:47:20.200000,382,2041,3274,4,0.012820513
2023-05-25 04:47:25.800000,383,2040,3274,4,0.012820513
2023-05-25 04:47:30.200000,384,2040,3272,4,0.012820513
2023-05-25 04:47:36.400000,385,2039,3273,4,0.012820513
2023-05-25 04:47:40.600000,386,2038,3270,4,0.012820513
2023-05-25 04:47:44.600000,387,2038,3266,4,0.012820513
2023-05-25 04:47:49,388,2037,3264,4,0.012820513
2023-05-25 04:47:54.600000,389,2037,3264,4,0.012820513
2023-05-25 04:48:01.400000,390,2036,3267,4,0.012820513
2023-05-25 04:48:05.800000,391,2035,3265,4,0.012820513
2023-05-25 04:48:10,392,2035,3261,4,0.012820513
2023-05-25 04:48:14.400000,393,2034,3259,4,0.012820513
2023-05-25 04:48:21.200000,394,2033,3263,4,0.012820513
2023-05-25 04:48:28.600000,395,2032,3268,4,0.012820513
2023-05-25 04:48:32.600000,396,2032,3264,4,0.012820513
2023-05-25 04:48:37,397,2031,3261,4,0.012820513
2023-05-25 04:48:42.200000,398,2031,3260,4,0.012820513
2023-05-25 04:48:47.600000,399,2030,3260,4,0.012820513
2023-05-25 04:48:52.400000,400,2030,3259,4,0.012820513
2023-05-25 04:48:57,401,2029,3257,4,0.012820513
2023-05-25 04:49:02.400000,402,2028,3256,4,0.012820513
2023-05-25 04:49:07,403,2028,3254,4,0.012820513
2023-05-25 04:49:14.600000,404,2027,3260,4,0.012820513
2023-05-25 04:49:19.400000,405,2027,3258,4,0.012820513
2023-05-25 04:49:24,406,2026,3256,4,0.012820513
2023-05-25 04:49:28.600000,407,2025,3254,4,0.012820513
2023-05-25 04:49:34.200000,408,2025,3255,4,0.012820513
2023-05-25 04:49:40,409,2024,3255,4,0.012820513
2023-05-25 04:49:48,410,2023,3262,4,0.012820513
2023-05-25 04:49:53.800000,411,2023,3262,4,0.012820513
2023-05-25 04:49:58.200000,412,2022,3260,4,0.012820513
2023-05-25 04:50:03.600000,413,2022,3260,4,0.012820513
2023-05-25 04:50:08.400000,414,2021,3258,4,0.012820513
2023-05-25 04:50:12.200000,415,2021,3254,4,0.012820513
2023-05-25 04:50:19.600000,416,2020,3259,4,0.012820513
2023-05-25 04:50:26.600000,417,2020,3262,4,0.012820513
2023-05-25 04:50:30.800000,418,2019,3259,4,0.012820513
2023-05-25 04:50:37.600000,419,2019,3263,4,0.012820513
2023-05-25 04:50:45.400000,420,2018,3268,4,0.012820513
2023-05-25 04:50:49.400000,421,2018,3265,4,0.012820513
2023-05-25 04:50:53.200000,422,2017,3261,4,0.012820513
2023-05-25 04:50:57.800000,423,2017,3259,4,0.012820513
2023-05-25 04:51:05.200000,424,2016,3264,4,0.012820513
2023-05-25 04:51:10.600000,425,2015,3264,4,0.012820513
2023-05-25 04:51:14.800000,426,2014,3261,4,0.012820513
2023-05-25 04:51:19,427,2014,3258,4,0.012820513
2023-05-25 04:51:23,428,2013,3255,4,0.012820513
2023-05-25 04:51:27.200000,429,2013,3252,4,0.012820513
2023-05-25 04:51:32.600000,430,2012,3252,4,0.012820513
2023-05-25 04:51:37.200000,431,2012,3250,4,0.012820513
2023-05-25 04:51:44,432,2011,3253,4,0.012820513
2023-05-25 04:51:50,433,2011,3254,4,0.012820513
2023-05-25 04:51:54,434,2010,3251,4,0.012820513
2023-05-25 04:52:00.400000,435,2010,3253,4,0.012820513
2023-05-25 04:52:04.600000,436,2009,3250,4,0.012820513
2023-05-25 04:52:08.400000,437,2009,3246,4,0.012820513
2023-05-25 04:52:13,438,2008,3244,4,0.012820513
2023-05-25 04:52:17,439,2007,3242,4,0.012820513
2023-05-25 04:52:21.600000,440,2007,3240,4,0.012820513
2023-05-25 04:52:25.600000,441,2006,3236,4,0.012820513
2023-05-25 04:52:30,442,2006,3234,4,0.012820513
2023-05-25 04:52:41.200000,443,2005,3247,4,0.012820513
2023-05-25 04:52:45,444,2005,3243,4,0.012820513
2023-05-25 04:52:49.200000,445,2004,3240,4,0.012820513
2023-05-25 04:52:56,446,2004,3244,4,0.012820513
2023-05-25 04:53:02,447,2004,3245,4,0.012820513
2023-05-25 04:53:05.600000,448,2003,3241,4,0.012820513
2023-05-25 04:53:10.200000,449,2002,3239,4,0.012820513
2023-05-25 04:53:16.400000,450,2002,3241,4,0.012820513
2023-05-25 04:53:20.200000,451,2001,3237,4,0.012820513
2023-05-25 04:53:28.600000,452,2001,3244,4,0.012820513
2023-05-25 04:53:34.200000,453,2000,3244,4,0.012820513
2023-05-25 04:53:38.200000,454,2000,3241,4,0.012820513
2023-05-25 04:53:42.400000,455,2000,3238,4,0.012820513
2023-05-25 04:53:47,456,1999,3236,4,0.012820513
2023-05-25 04:53:53,457,1999,3238,4,0.012820513
2023-05-25 04:53:58.400000,458,1998,3238,4,0.012820513
2023-05-25 04:54:04.400000,459,1998,3239,4,0.012820513
2023-05-25 04:54:09.400000,460,1997,3238,4,0.012820513
2023-05-25 04:54:14,461,1997,3236,4,0.012820513
2023-05-25 04:54:18.800000,462,1996,3235,4,0.012820513
2023-05-25 04:54:33.800000,463,1996,3255,4,0.012820513
2023-05-25 04:54:37.800000,464,1996,3252,4,0.012820513
2023-05-25 04:54:42,465,1995,3250,4,0.012820513
2023-05-25 04:54:46.200000,466,1995,3247,4,0.012820513
2023-05-25 04:54:50.600000,467,1994,3245,4,0.012820513
2023-05-25 04:54:55.400000,468,1994,3244,4,0.012820513
2023-05-25 04:55:09.200000,469,1993,3261,4,0.012820513
2023-05-25 04:55:13.400000,470,1993,3259,4,0.012820513
2023-05-25 04:55:18.600000,471,1992,3258,4,0.012820513
2023-05-25 04:55:22.800000,472,1992,3256,4,0.012820513
2023-05-25 04:55:28,473,1991,3255,4,0.012820513
2023-05-25 04:56:43.600000,474,1991,3403,4,0.012820513
2023-05-25 04:56:58,475,1990,3422,4,0.012820513
2023-05-25 04:57:12.600000,476,1990,3441,4,0.012820513
2023-05-25 04:57:19.600000,477,1989,3444,4,0.012820513
2023-05-25 04:57:25,478,1989,3444,4,0.012820513
2023-05-25 04:57:29.800000,479,1989,3442,4,0.012820513
2023-05-25 04:57:35,480,1988,3441,4,0.012820513
2023-05-25 04:57:41.800000,481,1988,3443,4,0.012820513
2023-05-25 04:57:45.600000,482,1987,3439,4,0.012820513
2023-05-25 04:57:57.200000,483,1987,3452,4,0.012820513
2023-05-25 04:58:01.600000,484,1986,3450,4,0.012820513
2023-05-25 04:58:06.600000,485,1986,3448,4,0.012820513
2023-05-25 04:58:10.600000,486,1986,3445,4,0.012820513
2023-05-25 04:58:14.600000,487,1986,3441,4,0.012820513
2023-05-25 04:58:18.400000,488,1985,3437,4,0.012820513
2023-05-25 04:58:24.400000,489,1985,3438,4,0.012820513
2023-05-25 04:58:28.400000,490,1984,3435,4,0.012820513
2023-05-25 04:58:32.400000,491,1984,3431,4,0.012820513
2023-05-25 04:58:37.800000,492,1983,3431,4,0.012820513
2023-05-25 04:58:42,493,1983,3428,4,0.012820513
2023-05-25 04:58:46.200000,494,1983,3425,4,0.012820513
2023-05-25 04:58:50.600000,495,1983,3423,4,0.012820513
2023-05-25 04:58:54.800000,496,1982,3420,4,0.012820513
2023-05-25 04:58:59,497,1982,3417,4,0.012820513
2023-05-25 04:59:11.400000,498,1981,3430,4,0.012820513
2023-05-25 04:59:15.600000,499,1981,3428,4,0.012820513
2023-05-25 04:59:19.600000,500,1980,3425,4,0.012820513
2023-05-25 04:59:23.800000,501,1980,3422,4,0.012820513
2023-05-25 04:59:28.200000,502,1980,3419,4,0.012820513
2023-05-25 04:59:32.200000,503,1979,3416,4,0.012820513
2023-05-25 04:59:36.400000,504,1979,3413,4,0.012820513
2023-05-25 04:59:41.400000,505,1979,3412,4,0.012820513
2023-05-25 04:59:45.400000,506,1978,3409,4,0.012820513
2023-05-25 04:59:49.600000,507,1977,3407,4,0.012820513
2023-05-25 04:59:53.600000,508,1977,3403,4,0.012820513
2023-05-25 04:59:58.400000,509,1977,3402,4,0.012820513
2023-05-25 05:00:02.600000,510,1976,3399,4,0.012820513
2023-05-25 05:00:08,511,1976,3399,4,0.012820513
2023-05-25 05:00:15,512,1976,3401,4,0.012820513
2023-05-25 05:00:27,513,1975,3414,4,0.012820513
2023-05-25 05:00:31.200000,514,1975,3411,4,0.012820513
2023-05-25 05:00:36.400000,515,1975,3410,4,0.012820513
2023-05-25 05:00:40.400000,516,1974,3407,4,0.012820513
2023-05-25 05:00:44.400000,517,1974,3404,4,0.012820513
2023-05-25 05:00:49.600000,518,1974,3403,4,0.012820513
2023-05-25 05:00:53.600000,519,1973,3400,4,0.012820513
2023-05-25 05:00:58.400000,520,1973,3399,4,0.012820513
2023-05-25 05:01:02.800000,521,1973,3396,4,0.012820513
2023-05-25 05:01:06.800000,522,1972,3393,4,0.012820513
2023-05-25 05:01:10.800000,523,1972,3390,4,0.012820513
2023-05-25 05:01:14.800000,524,1972,3387,4,0.012820513
2023-05-25 05:01:18.600000,525,1971,3384,4,0.012820513
2023-05-25 05:01:22.400000,526,1971,3380,4,0.012820513
2023-05-25 05:01:26.600000,527,1971,3378,4,0.012820513
2023-05-25 05:01:30.600000,528,1970,3375,4,0.012820513
2023-05-25 05:01:34.800000,529,1970,3372,4,0.012820513
2023-05-25 05:01:39.800000,530,1969,3372,4,0.012820513
2023-05-25 05:01:43.800000,531,1969,3369,4,0.012820513
2023-05-25 05:01:49.600000,532,1969,3369,4,0.012820513
2023-05-25 05:01:53.800000,533,1968,3366,4,0.012820513
2023-05-25 05:01:57.800000,534,1968,3363,4,0.012820513
2023-05-25 05:02:04,535,1968,3365,4,0.012820513
2023-05-25 05:02:08,536,1967,3362,4,0.012820513
2023-05-25 05:02:12,537,1967,3359,4,0.012820513
2023-05-25 05:02:16,538,1966,3356,4,0.012820513
2023-05-25 05:02:20.200000,539,1966,3354,4,0.012820513
2023-05-25 05:02:24.200000,540,1966,3351,4,0.012820513
2023-05-25 05:02:31.200000,541,1965,3354,4,0.012820513
2023-05-25 05:02:35,542,1965,3350,4,0.012820513
2023-05-25 05:02:39.200000,543,1965,3348,4,0.012820513
2023-05-25 05:02:43,544,1965,3345,4,0.012820513
2023-05-25 05:02:47.200000,545,1964,3342,4,0.012820513
2023-05-25 05:02:51.600000,546,1964,3340,4,0.012820513
2023-05-25 05:02:56,547,1964,3338,4,0.012820513
2023-05-25 05:03:01,548,1963,3337,4,0.012820513
2023-05-25 05:03:05,549,1963,3334,5,0.009107468
2023-05-25 05:03:09,550,1963,3331,5,0.009107468
2023-05-25 05:03:13.200000,551,1962,3329,5,0.009107468
2023-05-25 05:03:18,552,1962,3328,5,0.009107468
2023-05-25 05:03:22,553,1962,3325,5,0.009107468
2023-05-25 05:03:26,554,1962,3322,5,0.009107468
2023-05-25 05:03:30,555,1961,3319,5,0.009107468
2023-05-25 05:03:34.600000,556,1961,3318,5,0.009107468
2023-05-25 05:03:39.600000,557,1961,3317,5,0.009107468
2023-05-25 05:03:45.400000,558,1960,3317,5,0.009107468
2023-05-25 05:03:49.600000,559,1960,3315,5,0.009107468
2023-05-25 05:03:53.800000,560,1960,3313,5,0.009107468
2023-05-25 05:03:58,561,1960,3310,5,0.009107468
2023-05-25 05:04:03.200000,562,1959,3310,5,0.009107468
2023-05-25 05:04:07.200000,563,1959,3307,5,0.009107468
2023-05-25 05:04:17,564,1959,3315,5,0.009107468
2023-05-25 05:04:22,565,1958,3314,5,0.009107468
2023-05-25 05:04:26,566,1958,3311,5,0.009107468
2023-05-25 05:04:29.800000,567,1958,3308,5,0.009107468
2023-05-25 05:04:34,568,1958,3305,5,0.009107468
2023-05-25 05:04:37.800000,569,1958,3302,5,0.009107468
2023-05-25 05:04:42,570,1957,3300,5,0.009107468
2023-05-25 05:04:46,571,1957,3297,5,0.009107468
2023-05-25 05:04:50,572,1957,3295,5,0.009107468
2023-05-25 05:04:54,573,1957,3292,5,0.009107468
2023-05-25 05:04:58.200000,574,1956,3290,5,0.009107468
2023-05-25 05:05:02.200000,575,1956,3287,5,0.009107468
2023-05-25 05:05:06.200000,576,1956,3285,5,0.009107468
2023-05-25 05:05:10.600000,577,1955,3283,5,0.009107468
2023-05-25 05:05:17.200000,578,1955,3285,5,0.009107468
2023-05-25 05:05:21.400000,579,1955,3283,5,0.009107468
2023-05-25 05:05:25.400000,580,1955,3280,5,0.009107468
2023-05-25 05:05:30.800000,581,1954,3280,5,0.009107468
2023-05-25 05:05:34.800000,582,1954,3277,5,0.009107468
2023-05-25 05:05:40.600000,583,1954,3278,5,0.009107468
2023-05-25 05:05:45.400000,584,1954,3277,5,0.009107468
2023-05-25 05:05:50.400000,585,1953,3276,5,0.009107468
2023-05-25 05:05:55,586,1953,3274,5,0.009107468
2023-05-25 05:05:59.200000,587,1953,3272,5,0.009107468
2023-05-25 05:06:03.200000,588,1953,3270,5,0.009107468
2023-05-25 05:06:07.200000,589,1952,3267,5,0.009107468
2023-05-25 05:06:14,590,1952,3269,5,0.009107468
2023-05-25 05:06:18.200000,591,1952,3267,5,0.009107468
2023-05-25 05:06:22.200000,592,1952,3265,5,0.009107468
2023-05-25 05:06:27,593,1951,3264,5,0.009107468
2023-05-25 05:06:31,594,1951,3261,5,0.009107468
2023-05-25 05:06:35,595,1951,3259,5,0.009107468
2023-05-25 05:06:39,596,1951,3256,5,0.009107468
2023-05-25 05:06:43,597,1950,3254,5,0.009107468
2023-05-25 05:06:46.800000,598,1950,3251,5,0.009107468
2023-05-25 05:06:50.800000,599,1950,3249,5,0.009107468
2023-05-25 05:06:54.800000,600,1949,3246,5,0.009107468
2023-05-25 05:06:58.800000,601,1949,3244,5,0.009107468
2023-05-25 05:07:03.400000,602,1949,3242,5,0.009107468
2023-05-25 05:07:08.400000,603,1949,3242,5,0.009107468
2023-05-25 05:07:13.400000,604,1949,3241,5,0.009107468
2023-05-25 05:07:17.600000,605,1948,3239,5,0.009107468
2023-05-25 05:07:21.600000,606,1948,3237,5,0.009107468
2023-05-25 05:07:26.600000,607,1948,3236,5,0.009107468
2023-05-25 05:07:30.800000,608,1948,3234,5,0.009107468
2023-05-25 05:07:34.800000,609,1947,3231,5,0.009107468
2023-05-25 05:07:39,610,1947,3229,5,0.009107468
2023-05-25 05:07:44.400000,611,1947,3229,5,0.009107468
2023-05-25 05:07:48.400000,612,1947,3227,6,0.009803922
2023-05-25 05:07:52.400000,613,1946,3225,6,0.009803922
2023-05-25 05:07:56.600000,614,1946,3223,6,0.009803922
2023-05-25 05:08:01.400000,615,1946,3222,6,0.009803922
2023-05-25 05:08:08.400000,616,1946,3224,6,0.009803922
2023-05-25 05:08:12.200000,617,1945,3222,6,0.009803922
2023-05-25 05:08:17,618,1945,3221,6,0.009803922
2023-05-25 05:08:21.200000,619,1945,3219,6,0.009803922
2023-05-25 05:08:25.200000,620,1944,3217,6,0.009803922
2023-05-25 05:08:29.400000,621,1944,3215,6,0.009803922
2023-05-25 05:08:34.200000,622,1944,3214,6,0.009803922
2023-05-25 05:08:38.200000,623,1944,3211,6,0.009803922
2023-05-25 05:08:42.400000,624,1943,3209,6,0.009803922
2023-05-25 05:08:46.400000,625,1943,3207,6,0.009803922
2023-05-25 05:08:51,626,1943,3206,6,0.009803922
2023-05-25 05:08:55,627,1943,3204,6,0.009803922
2023-05-25 05:08:59.200000,628,1942,3202,6,0.009803922
2023-05-25 05:09:03.600000,629,1942,3200,6,0.009803922
2023-05-25 05:09:07.800000,630,1942,3198,6,0.009803922
2023-05-25 05:09:11.600000,631,1942,3195,6,0.009803922
2023-05-25 05:09:16.600000,632,1942,3195,6,0.009803922
2023-05-25 05:09:21,633,1941,3193,6,0.009803922
2023-05-25 05:09:25.400000,634,1941,3192,6,0.009803922
2023-05-25 05:09:29.400000,635,1941,3190,6,0.009803922
2023-05-25 05:09:34.200000,636,1940,3189,6,0.009803922
2023-05-25 05:09:39,637,1940,3188,6,0.009803922
2023-05-25 05:09:43.600000,638,1940,3187,6,0.009803922
2023-05-25 05:09:48.200000,639,1940,3186,6,0.009803922
2023-05-25 05:09:52.400000,640,1939,3184,6,0.009803922
2023-05-25 05:09:56.600000,641,1939,3182,6,0.009803922
2023-05-25 05:10:00.800000,642,1939,3180,6,0.009803922
2023-05-25 05:10:16.200000,643,1939,3196,6,0.009803922
2023-05-25 05:10:20.200000,644,1939,3194,6,0.009803922
2023-05-25 05:10:24.200000,645,1938,3191,6,0.009803922
2023-05-25 05:10:28.200000,646,1938,3189,6,0.009803922
2023-05-25 05:10:32.200000,647,1938,3187,6,0.009803922
2023-05-25 05:10:36.200000,648,1938,3185,6,0.009803922
2023-05-25 05:10:40.400000,649,1938,3183,6,0.009803922
2023-05-25 05:10:48.200000,650,1937,3187,6,0.009803922
2023-05-25 05:10:52.200000,651,1937,3185,6,0.009803922
2023-05-25 05:10:56.400000,652,1937,3183,6,0.009803922
2023-05-25 05:11:01.200000,653,1936,3182,6,0.009803922
2023-05-25 05:11:05.200000,654,1936,3180,6,0.009803922
2023-05-25 05:11:12.600000,655,1936,3183,6,0.009803922
2023-05-25 05:11:16.800000,656,1936,3181,6,0.009803922
2023-05-25 05:11:20.800000,657,1936,3179,6,0.009803922
2023-05-25 05:11:25,658,1935,3178,6,0.009803922
2023-05-25 05:11:29.200000,659,1935,3176,6,0.009803922
2023-05-25 05:11:33.200000,660,1935,3174,6,0.009803922
2023-05-25 05:11:37.200000,661,1935,3172,6,0.009803922
2023-05-25 05:11:41.600000,662,1935,3170,6,0.009803922
2023-05-25 05:11:45.800000,663,1934,3168,6,0.009803922
2023-05-25 05:11:49.800000,664,1934,3166,6,0.009803922
2023-05-25 05:11:53.600000,665,1934,3164,6,0.009803922
2023-05-25 05:11:58,666,1934,3163,6,0.009803922
2023-05-25 05:12:02,667,1934,3160,6,0.009803922
2023-05-25 05:12:05.800000,668,1933,3158,6,0.009803922
2023-05-25 05:12:09.800000,669,1933,3156,6,0.009803922
2023-05-25 05:12:16,670,1933,3157,6,0.009803922
2023-05-25 05:12:23.400000,671,1933,3160,6,0.009803922
2023-05-25 05:12:28.600000,672,1933,3160,6,0.009803922
2023-05-25 05:12:32.800000,673,1932,3158,6,0.009803922
2023-05-25 05:12:36.800000,674,1932,3156,6,0.009803922
2023-05-25 05:12:41.200000,675,1932,3155,6,0.009803922
2023-05-25 05:12:45.600000,676,1931,3154,6,0.009803922
2023-05-25 05:12:49.600000,677,1931,3152,6,0.009803922
2023-05-25 05:12:53.800000,678,1931,3150,6,0.009803922
2023-05-25 05:12:58.800000,679,1931,3150,6,0.009803922
2023-05-25 05:13:02.800000,680,1931,3148,6,0.009803922
2023-05-25 05:13:07,681,1930,3146,6,0.009803922
2023-05-25 05:13:11,682,1930,3144,6,0.009803922
2023-05-25 05:13:15.200000,683,1930,3142,6,0.009803922
2023-05-25 05:13:19.200000,684,1930,3140,6,0.009803922
2023-05-25 05:13:23.200000,685,1930,3138,6,0.009803922
2023-05-25 05:13:30.400000,686,1930,3141,6,0.009803922
2023-05-25 05:13:34.600000,687,1929,3139,6,0.009803922
2023-05-25 05:13:39,688,1929,3138,6,0.009803922
2023-05-25 05:13:44.200000,689,1929,3138,6,0.009803922
2023-05-25 05:13:49,690,1929,3137,6,0.009803922
2023-05-25 05:13:53.600000,691,1929,3136,6,0.009803922
2023-05-25 05:13:57.800000,692,1928,3134,6,0.009803922
2023-05-25 05:14:03.600000,693,1929,3135,6,0.009803922
2023-05-25 05:14:08.400000,694,1928,3134,6,0.009803922
2023-05-25 05:14:12.400000,695,1928,3132,6,0.009803922
2023-05-25 05:14:16.400000,696,1928,3130,6,0.009803922
2023-05-25 05:14:20.600000,697,1927,3129,6,0.009803922
2023-05-25 05:14:25.600000,698,1927,3129,6,0.009803922
2023-05-25 05:14:30.800000,699,1927,3128,6,0.009803922
2023-05-25 05:14:34.800000,700,1927,3127,6,0.009803922
2023-05-25 05:14:39,701,1926,3125,6,0.009803922
2023-05-25 05:14:43.400000,702,1926,3124,6,0.009803922
2023-05-25 05:14:48.200000,703,1926,3123,6,0.009803922
2023-05-25 05:14:53.400000,704,1926,3123,6,0.009803922
2023-05-25 05:14:57.600000,705,1926,3121,6,0.009803922
2023-05-25 05:15:03,706,1926,3121,6,0.009803922
2023-05-25 05:15:08,707,1925,3121,6,0.009803922
2023-05-25 05:15:12.200000,708,1925,3119,6,0.009803922
2023-05-25 05:15:16.600000,709,1925,3118,6,0.009803922
2023-05-25 05:15:22.400000,710,1925,3119,6,0.009803922
2023-05-25 05:15:27,711,1924,3118,6,0.009803922
2023-05-25 05:15:31.400000,712,1924,3117,6,0.009803922
2023-05-25 05:15:38.600000,713,1924,3119,6,0.009803922
2023-05-25 05:15:47.200000,714,1923,3124,6,0.009803922
2023-05-25 05:15:51.800000,715,1923,3123,6,0.009803922
2023-05-25 05:15:55.800000,716,1923,3122,6,0.009803922
2023-05-25 05:16:00,717,1923,3120,6,0.009803922
2023-05-25 05:16:05,718,1922,3120,6,0.009803922
2023-05-25 05:16:10,719,1922,3119,6,0.009803922
2023-05-25 05:16:14.400000,720,1922,3118,6,0.009803922
2023-05-25 05:16:26.800000,721,1922,3128,6,0.009803922
2023-05-25 05:16:30.600000,722,1922,3126,6,0.009803922
2023-05-25 05:16:35.400000,723,1921,3125,6,0.009803922
2023-05-25 05:16:41.400000,724,1921,3126,6,0.009803922
2023-05-25 05:16:45.600000,725,1921,3124,6,0.009803922
2023-05-25 05:16:51.800000,726,1921,3126,6,0.009803922
2023-05-25 05:16:55.600000,727,1921,3123,6,0.009803922
2023-05-25 05:17:00.200000,728,1920,3123,6,0.009803922
2023-05-25 05:17:04.800000,729,1920,3122,6,0.009803922
2023-05-25 05:17:09.400000,730,1920,3121,6,0.009803922
2023-05-25 05:17:13.200000,731,1920,3119,6,0.009803922
2023-05-25 05:17:17.400000,732,1919,3117,6,0.009803922
2023-05-25 05:17:21.400000,733,1919,3116,6,0.009803922
2023-05-25 05:17:25.400000,734,1919,3114,6,0.009803922
2023-05-25 05:17:30.800000,735,1919,3114,6,0.009803922
2023-05-25 05:17:34.600000,736,1919,3112,6,0.009803922
2023-05-25 05:17:38.600000,737,1919,3110,6,0.009803922
2023-05-25 05:17:42.600000,738,1918,3109,6,0.009803922
2023-05-25 05:17:46.600000,739,1918,3107,6,0.009803922
2023-05-25 05:17:50.800000,740,1918,3105,6,0.009803922
2023-05-25 05:17:56.800000,741,1918,3106,6,0.009803922
2023-05-25 05:18:01.800000,742,1918,3106,6,0.009803922
2023-05-25 05:18:05.800000,743,1917,3104,6,0.009803922
2023-05-25 05:18:09.800000,744,1917,3102,6,0.009803922
2023-05-25 05:18:15,745,1917,3102,6,0.009803922
2023-05-25 05:18:19,746,1917,3100,6,0.009803922
2023-05-25 05:18:23,747,1917,3098,6,0.009803922
2023-05-25 05:18:26.800000,748,1917,3096,6,0.009803922
2023-05-25 05:18:32.200000,749,1917,3097,7,0.009345794
2023-05-25 05:18:37.600000,750,1917,3097,7,0.009345794
2023-05-25 05:18:41.600000,751,1916,3095,7,0.009345794
2023-05-25 05:18:46.600000,752,1916,3095,7,0.009345794
2023-05-25 05:18:50.800000,753,1916,3093,7,0.009345794
2023-05-25 05:18:56,754,1916,3093,7,0.009345794
2023-05-25 05:19:02.200000,755,1916,3094,7,0.009345794
2023-05-25 05:19:07,756,1916,3093,7,0.009345794
2023-05-25 05:19:12.800000,757,1916,3094,7,0.009345794
2023-05-25 05:19:17,758,1916,3093,7,0.009345794
2023-05-25 05:19:21,759,1915,3091,7,0.009345794
2023-05-25 05:19:25.200000,760,1915,3090,7,0.009345794
2023-05-25 05:19:29.400000,761,1915,3088,7,0.009345794
2023-05-25 05:19:34.400000,762,1915,3088,7,0.009345794
2023-05-25 05:19:44.600000,763,1915,3094,7,0.009345794
2023-05-25 05:19:48.600000,764,1914,3093,7,0.009345794
2023-05-25 05:19:54,765,1914,3093,7,0.009345794
2023-05-25 05:19:58.400000,766,1914,3092,7,0.009345794
2023-05-25 05:20:03,767,1914,3091,7,0.009345794
2023-05-25 05:20:08.400000,768,1914,3091,7,0.009345794
2023-05-25 05:20:12.400000,769,1914,3089,7,0.009345794
2023-05-25 05:20:16.600000,770,1914,3087,7,0.009345794
2023-05-25 05:20:22.200000,771,1914,3088,7,0.009345794
2023-05-25 05:20:26.200000,772,1913,3086,7,0.009345794
2023-05-25 05:20:30.600000,773,1913,3085,7,0.009345794
2023-05-25 05:22:51.200000,774,1913,3260,7,0.009345794
2023-05-25 05:22:55.200000,775,1913,3258,7,0.009345794
2023-05-25 05:22:59.200000,776,1913,3256,7,0.009345794
2023-05-25 05:23:03.400000,777,1913,3255,7,0.009345794
2023-05-25 05:23:08,778,1912,3254,7,0.009345794
2023-05-25 05:23:12,779,1912,3252,7,0.009345794
2023-05-25 05:23:16.200000,780,1912,3250,7,0.009345794
2023-05-25 05:23:20.200000,781,1912,3248,7,0.009345794
2023-05-25 05:23:24.200000,782,1912,3247,7,0.009345794
2023-05-25 05:23:29.400000,783,1912,3246,7,0.009345794
2023-05-25 05:23:42.800000,784,1911,3256,7,0.009345794
2023-05-25 05:23:47.200000,785,1911,3255,7,0.009345794
2023-05-25 05:23:51.200000,786,1911,3253,7,0.009345794
2023-05-25 05:23:55.400000,787,1911,3252,7,0.009345794
2023-05-25 05:24:13.800000,788,1911,3268,7,0.009345794
2023-05-25 05:24:18.800000,789,1911,3268,7,0.009345794
2023-05-25 05:24:23,790,1911,3266,7,0.009345794
2023-05-25 05:24:27.400000,791,1911,3265,7,0.009345794
2023-05-25 05:24:31.400000,792,1910,3263,7,0.009345794
2023-05-25 05:24:36.800000,793,1910,3263,7,0.009345794
2023-05-25 05:24:41,794,1910,3261,7,0.009345794
2023-05-25 05:24:46.600000,795,1910,3261,7,0.009345794
2023-05-25 05:24:57.800000,796,1910,3269,7,0.009345794
2023-05-25 05:25:05.200000,797,1909,3271,7,0.009345794
2023-05-25 05:25:10,798,1909,3270,7,0.009345794
2023-05-25 05:25:14,799,1909,3268,7,0.009345794
2023-05-25 05:25:19.800000,800,1909,3269,7,0.009345794
2023-05-25 05:25:23.600000,801,1909,3267,7,0.009345794
2023-05-25 05:25:30.200000,802,1908,3268,7,0.009345794
2023-05-25 05:25:34.400000,803,1908,3267,7,0.009345794
2023-05-25 05:25:39.200000,804,1908,3266,7,0.009345794
2023-05-25 05:25:43.600000,805,1908,3265,7,0.009345794
2023-05-25 05:25:47.600000,806,1908,3263,7,0.009345794
2023-05-25 05:25:51.600000,807,1908,3261,8,0.009913259
2023-05-25 05:25:55.600000,808,1907,3259,8,0.009913259
2023-05-25 05:25:59.400000,809,1907,3257,8,0.009913259
2023-05-25 05:26:06.400000,810,1907,3259,8,0.009913259
2023-05-25 05:26:10.400000,811,1907,3258,8,0.009913259
2023-05-25 05:26:14.400000,812,1907,3256,8,0.009913259
2023-05-25 05:26:21.400000,813,1907,3258,8,0.009913259
2023-05-25 05:26:27,814,1907,3258,8,0.009913259
2023-05-25 05:26:33.400000,815,1906,3259,8,0.009913259
2023-05-25 05:26:40.600000,816,1906,3261,8,0.009913259
2023-05-25 05:26:48.600000,817,1906,3264,8,0.009913259
2023-05-25 05:27:09.200000,818,1906,3283,9,0.011002445
2023-05-25 05:27:13.600000,819,1906,3281,9,0.011002445
2023-05-25 05:27:18.600000,820,1906,3281,9,0.011002445
2023-05-25 05:27:24.800000,821,1906,3282,9,0.011002445
2023-05-25 05:27:29,822,1906,3280,9,0.011002445
2023-05-25 05:27:33.200000,823,1905,3279,9,0.011002445
2023-05-25 05:27:37.200000,824,1905,3277,9,0.011002445
2023-05-25 05:27:45.400000,825,1905,3280,9,0.011002445
2023-05-25 05:27:55.600000,826,1905,3286,9,0.011002445
2023-05-25 05:27:59.800000,827,1905,3284,9,0.011002445
2023-05-25 05:28:03.800000,828,1905,3282,9,0.011002445
2023-05-25 05:28:08.200000,829,1905,3281,9,0.011002445
2023-05-25 05:28:13,830,1905,3280,9,0.011002445
2023-05-25 05:28:17.200000,831,1904,3279,9,0.011002445
2023-05-25 05:28:21.200000,832,1904,3277,9,0.011002445
2023-05-25 05:28:25.200000,833,1904,3275,9,0.011002445
2023-05-25 05:28:29.200000,834,1904,3273,9,0.011002445
2023-05-25 05:28:33.400000,835,1904,3272,9,0.011002445
2023-05-25 05:28:37.400000,836,1904,3270,9,0.011002445
2023-05-25 05:28:41.400000,837,1904,3268,9,0.011002445
2023-05-25 05:28:45.800000,838,1904,3267,9,0.011002445
2023-05-25 05:28:50.600000,839,1903,3266,9,0.011002445
2023-05-25 05:28:55.600000,840,1903,3266,9,0.011002445
2023-05-25 05:28:59.400000,841,1903,3264,9,0.011002445
2023-05-25 05:29:03.800000,842,1903,3263,9,0.011002445
2023-05-25 05:29:08,843,1903,3261,9,0.011002445
2023-05-25 05:29:12,844,1903,3259,9,0.011002445
2023-05-25 05:29:16,845,1903,3258,9,0.011002445
2023-05-25 05:29:20,846,1903,3256,9,0.011002445
2023-05-25 05:29:23.800000,847,1902,3254,9,0.011002445
2023-05-25 05:29:27.600000,848,1902,3252,9,0.011002445
2023-05-25 05:29:35.200000,849,1902,3255,9,0.011002445
2023-05-25 05:29:39.200000,850,1902,3253,9,0.011002445
2023-05-25 05:29:44,851,1901,3252,9,0.011002445
2023-05-25 05:29:48.200000,852,1901,3251,9,0.011002445
2023-05-25 05:29:53.400000,853,1901,3251,9,0.011002445
2023-05-25 05:29:57.800000,854,1901,3249,9,0.011002445
2023-05-25 05:30:02.200000,855,1901,3248,9,0.011002445
2023-05-25 05:30:06.600000,856,1901,3247,9,0.011002445
2023-05-25 05:30:11.400000,857,1901,3246,9,0.011002445
2023-05-25 05:30:15.400000,858,1901,3245,9,0.011002445
2023-05-25 05:30:19.800000,859,1901,3243,9,0.011002445
2023-05-25 05:30:24.200000,860,1900,3242,9,0.011002445
2023-05-25 05:30:28,861,1900,3240,9,0.011002445
2023-05-25 05:30:32.400000,862,1900,3239,9,0.011002445
2023-05-25 05:30:36.600000,863,1900,3238,9,0.011002445
2023-05-25 05:30:40.800000,864,1900,3236,9,0.011002445
2023-05-25 05:30:45.200000,865,1900,3235,9,0.011002445
2023-05-25 05:30:49,866,1900,3233,9,0.011002445
2023-05-25 05:30:53.200000,867,1900,3232,9,0.011002445
2023-05-25 05:30:58.800000,868,1900,3232,9,0.011002445
2023-05-25 05:31:02.600000,869,1899,3230,9,0.011002445
2023-05-25 05:31:06.800000,870,1899,3229,9,0.011002445
2023-05-25 05:31:11,871,1899,3227,9,0.011002445
2023-05-25 05:31:16.600000,872,1899,3227,9,0.011002445
2023-05-25 05:31:21,873,1899,3226,9,0.011002445
2023-05-25 05:31:24.800000,874,1899,3224,9,0.011002445
2023-05-25 05:31:28.800000,875,1899,3223,9,0.011002445
2023-05-25 05:31:34,876,1899,3222,9,0.011002445
2023-05-25 05:31:38.400000,877,1898,3221,9,0.011002445
2023-05-25 05:31:42.400000,878,1898,3220,9,0.011002445
2023-05-25 05:31:46.200000,879,1898,3218,9,0.011002445
2023-05-25 05:31:50.200000,880,1898,3216,9,0.011002445
2023-05-25 05:31:54,881,1898,3214,9,0.011002445
2023-05-25 05:32:00,882,1898,3215,9,0.011002445
2023-05-25 05:32:03.800000,883,1898,3213,9,0.011002445
2023-05-25 05:32:07.800000,884,1898,3212,9,0.011002445
2023-05-25 05:32:11.400000,885,1898,3209,9,0.011002445
2023-05-25 05:32:15.200000,886,1897,3208,9,0.011002445
2023-05-25 05:32:19.600000,887,1897,3206,9,0.011002445
2023-05-25 05:32:24.400000,888,1897,3206,9,0.011002445
2023-05-25 05:32:28.200000,889,1897,3204,9,0.011002445
2023-05-25 05:32:32.200000,890,1897,3203,9,0.011002445
2023-05-25 05:32:36.400000,891,1897,3201,9,0.011002445
2023-05-25 05:32:40.800000,892,1897,3200,9,0.011002445
2023-05-25 05:32:44.800000,893,1896,3199,9,0.011002445
2023-05-25 05:32:48.800000,894,1896,3197,9,0.011002445
2023-05-25 05:32:52.800000,895,1896,3195,10,0.011173184
2023-05-25 05:32:57.400000,896,1896,3195,10,0.011173184
2023-05-25 05:33:01.400000,897,1896,3193,10,0.011173184
2023-05-25 05:33:05.600000,898,1896,3192,10,0.011173184
2023-05-25 05:33:13,899,1896,3194,10,0.011173184
2023-05-25 05:33:18,900,1896,3193,10,0.011173184
2023-05-25 05:33:22.200000,901,1896,3192,10,0.011173184
2023-05-25 05:33:26.200000,902,1896,3191,10,0.011173184
2023-05-25 05:33:30.200000,903,1895,3189,10,0.011173184
2023-05-25 05:33:34.200000,904,1895,3188,10,0.011173184
2023-05-25 05:33:38.400000,905,1895,3186,10,0.011173184
2023-05-25 05:33:43.600000,906,1895,3186,10,0.011173184
2023-05-25 05:33:48,907,1895,3185,10,0.011173184
2023-05-25 05:33:53,908,1895,3185,10,0.011173184
2023-05-25 05:33:57.200000,909,1895,3183,10,0.011173184
2023-05-25 05:34:02.400000,910,1895,3183,10,0.011173184
2023-05-25 05:34:06.200000,911,1895,3181,10,0.011173184
2023-05-25 05:34:10.200000,912,1894,3180,10,0.011173184
2023-05-25 05:34:14.200000,913,1894,3178,10,0.011173184
2023-05-25 05:34:27,914,1894,3186,10,0.011173184
2023-05-25 05:34:33.200000,915,1894,3187,10,0.011173184
2023-05-25 05:34:37,916,1894,3186,10,0.011173184
2023-05-25 05:34:41,917,1894,3184,10,0.011173184
2023-05-25 05:34:45.200000,918,1894,3183,10,0.011173184
2023-05-25 05:34:49.200000,919,1894,3181,10,0.011173184
2023-05-25 05:34:53.800000,920,1894,3180,10,0.011173184
2023-05-25 05:34:58,921,1894,3179,10,0.011173184
2023-05-25 05:35:02,922,1893,3178,10,0.011173184
2023-05-25 05:35:05.800000,923,1893,3176,10,0.011173184
2023-05-25 05:35:12.200000,924,1893,3177,10,0.011173184
2023-05-25 05:35:16.200000,925,1893,3175,10,0.011173184
2023-05-25 05:35:20.400000,926,1893,3174,10,0.011173184
2023-05-25 05:35:24.200000,927,1892,3173,10,0.011173184
2023-05-25 05:35:28.800000,928,1892,3172,10,0.011173184
2023-05-25 05:35:33.400000,929,1892,3171,10,0.011173184
2023-05-25 05:35:37.400000,930,1892,3170,10,0.011173184
2023-05-25 05:35:42.600000,931,1892,3170,10,0.011173184
2023-05-25 05:35:46.600000,932,1892,3168,10,0.011173184
2023-05-25 05:35:50.600000,933,1892,3167,11,0.011789925
2023-05-25 05:35:54.400000,934,1892,3165,11,0.011789925
2023-05-25 05:35:58.800000,935,1892,3164,11,0.011789925
2023-05-25 05:36:02.800000,936,1892,3162,11,0.011789925
2023-05-25 05:36:06.800000,937,1891,3161,11,0.011789925
2023-05-25 05:36:10.800000,938,1891,3160,11,0.011789925
2023-05-25 05:36:14.600000,939,1891,3158,11,0.011789925
2023-05-25 05:36:19.200000,940,1891,3157,11,0.011789925
2023-05-25 05:36:23.600000,941,1891,3156,11,0.011789925
2023-05-25 05:36:28.400000,942,1891,3156,11,0.011789925
2023-05-25 05:36:32.200000,943,1891,3154,11,0.011789925
2023-05-25 05:36:36.600000,944,1891,3153,11,0.011789925
2023-05-25 05:36:41,945,1891,3152,11,0.011789925
2023-05-25 05:36:45.200000,946,1890,3151,11,0.011789925
2023-05-25 05:36:49.200000,947,1890,3149,11,0.011789925
2023-05-25 05:36:53.200000,948,1890,3148,11,0.011789925
2023-05-25 05:36:57.800000,949,1890,3147,11,0.011789925
2023-05-25 05:37:01.800000,950,1890,3146,11,0.011789925
2023-05-25 05:37:12,951,1890,3151,11,0.011789925
2023-05-25 05:37:16,952,1890,3149,11,0.011789925
2023-05-25 05:37:20,953,1890,3148,11,0.011789925
2023-05-25 05:37:24.200000,954,1890,3147,11,0.011789925
2023-05-25 05:37:29,955,1890,3146,11,0.011789925
2023-05-25 05:37:33.200000,956,1889,3145,11,0.011789925
2023-05-25 05:37:37.200000,957,1889,3144,11,0.011789925
2023-05-25 05:37:41,958,1889,3142,11,0.011789925
2023-05-25 05:37:45.400000,959,1889,3141,11,0.011789925
2023-05-25 05:37:51.200000,960,1889,3142,11,0.011789925
2023-05-25 05:37:55.200000,961,1889,3140,11,0.011789925
2023-05-25 05:38:00.200000,962,1889,3140,11,0.011789925
2023-05-25 05:38:04.600000,963,1889,3139,11,0.011789925
2023-05-25 05:38:08.600000,964,1889,3138,11,0.011789925
2023-05-25 05:38:12.800000,965,1888,3136,11,0.011789925
2023-05-25 05:38:17,966,1888,3135,11,0.011789925
2023-05-25 05:38:21.400000,967,1888,3134,11,0.011789925
2023-05-25 05:38:25.400000,968,1888,3133,11,0.011789925
2023-05-25 05:38:29.800000,969,1888,3132,11,0.011789925
2023-05-25 05:38:34,970,1888,3131,11,0.011789925
2023-05-25 05:38:37.800000,971,1887,3130,12,0.0123583935
2023-05-25 05:38:51,972,1887,3138,12,0.0123583935
2023-05-25 05:38:54.600000,973,1887,3136,12,0.0123583935
2023-05-25 05:38:58.400000,974,1887,3135,12,0.0123583935
2023-05-25 05:39:03,975,1887,3134,12,0.0123583935
2023-05-25 05:39:08.200000,976,1887,3134,12,0.0123583935
2023-05-25 05:39:12.400000,977,1887,3133,12,0.0123583935
2023-05-25 05:39:16.400000,978,1886,3132,12,0.0123583935
2023-05-25 05:39:20.800000,979,1886,3131,12,0.0123583935
2023-05-25 05:39:25.400000,980,1886,3130,12,0.0123583935
2023-05-25 05:39:29.600000,981,1886,3129,12,0.0123583935
2023-05-25 05:39:35,982,1886,3129,12,0.0123583935
2023-05-25 05:39:40,983,1886,3128,12,0.0123583935
2023-05-25 05:39:44,984,1886,3127,12,0.0123583935
2023-05-25 05:39:48.400000,985,1885,3126,12,0.0123583935
2023-05-25 05:39:53,986,1885,3126,12,0.0123583935
2023-05-25 05:40:01.400000,987,1885,3129,12,0.0123583935
2023-05-25 05:40:05.800000,988,1885,3128,12,0.0123583935
2023-05-25 05:40:09.800000,989,1885,3126,12,0.0123583935
2023-05-25 05:40:14,990,1885,3125,12,0.0123583935
2023-05-25 05:40:23.200000,991,1885,3129,12,0.0123583935
2023-05-25 05:40:27,992,1885,3128,12,0.0123583935
2023-05-25 05:40:31,993,1885,3126,12,0.0123583935
2023-05-25 05:40:34.800000,994,1884,3125,12,0.0123583935
2023-05-25 05:40:38.600000,995,1884,3123,12,0.0123583935
2023-05-25 05:40:48.600000,996,1884,3128,12,0.0123583935
2023-05-25 05:40:55.400000,997,1884,3130,12,0.0123583935
2023-05-25 05:40:59.600000,998,1884,3128,12,0.0123583935
2023-05-25 05:41:06.200000,999,1884,3130,12,0.0123583935
2023-05-25 05:41:10.200000,1000,1884,3129,12,0.0123583935
2023-05-25 05:41:14.200000,1001,1884,3127,12,0.0123583935
2023-05-25 05:41:22.400000,1002,1884,3130,12,0.0123583935
2023-05-25 05:41:27,1003,1883,3129,12,0.0123583935
2023-05-25 05:41:31.800000,1004,1883,3129,12,0.0123583935
2023-05-25 05:41:38.600000,1005,1883,3130,12,0.0123583935
2023-05-25 05:41:42.400000,1006,1883,3129,12,0.0123583935
2023-05-25 05:41:46.800000,1007,1883,3128,12,0.0123583935
2023-05-25 05:41:50.800000,1008,1883,3126,12,0.0123583935
2023-05-25 05:41:54.400000,1009,1883,3125,12,0.0123583935
2023-05-25 05:42:00.800000,1010,1883,3126,12,0.0123583935
2023-05-25 05:42:05.400000,1011,1883,3125,12,0.0123583935
2023-05-25 05:42:12,1012,1883,3127,12,0.0123583935
2023-05-25 05:42:17,1013,1883,3126,12,0.0123583935
2023-05-25 05:42:21.400000,1014,1883,3125,12,0.0123583935
2023-05-25 05:42:25.400000,1015,1882,3124,12,0.0123583935
2023-05-25 05:42:29.800000,1016,1882,3123,12,0.0123583935
2023-05-25 05:42:33.800000,1017,1882,3122,12,0.0123583935
2023-05-25 05:42:39,1018,1882,3122,12,0.0123583935
2023-05-25 05:42:43.600000,1019,1882,3121,12,0.0123583935
2023-05-25 05:42:48.600000,1020,1882,3121,12,0.0123583935
2023-05-25 05:42:53,1021,1882,3120,12,0.0123583935
2023-05-25 05:42:57,1022,1882,3118,12,0.0123583935
2023-05-25 05:43:03.600000,1023,1882,3120,12,0.0123583935
2023-05-25 05:43:07.800000,1024,1882,3119,12,0.0123583935
2023-05-25 05:43:12.400000,1025,1882,3118,12,0.0123583935
2023-05-25 05:43:16.400000,1026,1882,3117,12,0.0123583935
2023-05-25 05:43:20.400000,1027,1881,3115,12,0.0123583935
2023-05-25 05:43:24.800000,1028,1881,3115,12,0.0123583935
2023-05-25 05:43:35.800000,1029,1881,3120,12,0.0123583935
2023-05-25 05:43:39.600000,1030,1881,3119,12,0.0123583935
2023-05-25 05:43:46,1031,1881,3120,12,0.0123583935
2023-05-25 05:43:52.600000,1032,1881,3121,12,0.0123583935
2023-05-25 05:43:56.600000,1033,1881,3120,12,0.0123583935
2023-05-25 05:44:00.800000,1034,1881,3119,12,0.0123583935
2023-05-25 05:44:04.600000,1035,1881,3117,12,0.0123583935
2023-05-25 05:44:08.400000,1036,1881,3116,12,0.0123583935
2023-05-25 05:44:14.800000,1037,1881,3117,12,0.0123583935
2023-05-25 05:44:18.600000,1038,1880,3115,12,0.0123583935
2023-05-25 05:44:23.200000,1039,1880,3115,12,0.0123583935
2023-05-25 05:44:27,1040,1880,3113,12,0.0123583935
2023-05-25 06:04:43.600000,1041,1880,4278,12,0.0123583935
2023-05-25 06:04:47.800000,1042,1880,4276,12,0.0123583935
2023-05-25 06:04:51.800000,1043,1880,4273,12,0.0123583935
2023-05-25 06:04:56.200000,1044,1880,4271,12,0.0123583935
2023-05-25 06:05:00.200000,1045,1880,4269,12,0.0123583935
2023-05-25 06:05:04.400000,1046,1880,4267,12,0.0123583935
2023-05-25 06:05:08.400000,1047,1879,4265,12,0.0123583935
2023-05-25 06:05:12.600000,1048,1879,4263,12,0.0123583935
2023-05-25 06:05:16.600000,1049,1879,4260,12,0.0123583935
2023-05-25 06:05:21,1050,1879,4258,12,0.0123583935
2023-05-25 06:05:25,1051,1879,4256,12,0.0123583935
2023-05-25 06:05:29.400000,1052,1879,4254,12,0.0123583935
2023-05-25 06:05:34.600000,1053,1879,4253,12,0.0123583935
2023-05-25 06:05:38.800000,1054,1879,4251,12,0.0123583935
2023-05-25 06:05:43.200000,1055,1879,4249,12,0.0123583935
2023-05-25 06:05:47.200000,1056,1878,4247,12,0.0123583935
2023-05-25 06:05:51.200000,1057,1878,4244,12,0.0123583935
2023-05-25 06:05:58.600000,1058,1878,4245,12,0.0123583935
2023-05-25 06:06:02.600000,1059,1878,4243,12,0.0123583935
2023-05-25 06:06:06.600000,1060,1878,4240,12,0.0123583935
2023-05-25 06:06:54.600000,1061,1920,4237,12,0.0123583935
2023-05-25 06:07:45,1062,1966,4233,12,0.0123583935
2023-05-25 06:08:36,1063,2011,4229,12,0.0123583935
2023-05-25 06:09:38,1064,2066,4227,12,0.0123583935
2023-05-25 06:09:48.400000,1065,2070,4226,12,0.0123583935
2023-05-25 06:09:52.200000,1066,2070,4224,12,0.0123583935
2023-05-25 06:10:39,1067,2110,4221,12,0.0123583935
2023-05-25 06:11:02.400000,1068,2128,4219,12,0.0123583935
2023-05-25 06:11:36.800000,1069,2136,4237,12,0.0123583935
2023-05-25 06:11:54.800000,1070,2148,4235,12,0.0123583935
2023-05-25 06:12:44.600000,1071,2191,4233,12,0.0123583935
2023-05-25 06:14:50.600000,1072,2304,4230,12,0.0123583935
2023-05-25 06:15:25.600000,1073,2332,4228,12,0.0123583935
2023-05-25 06:16:23.400000,1074,2382,4226,12,0.0123583935
2023-05-25 06:23:39.200000,1075,2783,4224,12,0.0123583935
2023-05-25 06:24:18,1076,2782,4254,12,0.0123583935
2023-05-25 06:24:35.400000,1077,2781,4264,12,0.0123583935
2023-05-25 06:26:42.200000,1078,2876,4280,12,0.0123583935
2023-05-25 06:26:58,1079,2883,4281,12,0.0123583935
2023-05-25 06:27:16.400000,1080,2894,4279,12,0.0123583935
2023-05-25 06:27:25,1081,2898,4276,12,0.0123583935
2023-05-25 06:27:29.400000,1082,2897,4274,12,0.0123583935
2023-05-25 06:27:40.800000,1083,2903,4272,12,0.0123583935
2023-05-25 06:27:48.400000,1084,2906,4270,12,0.0123583935
2023-05-25 06:27:53.200000,1085,2905,4268,12,0.0123583935
2023-05-25 06:30:45.200000,1086,3058,4266,12,0.0123583935
2023-05-25 06:30:50,1087,3057,4264,12,0.0123583935
2023-05-25 06:30:54.800000,1088,3056,4262,12,0.0123583935
2023-05-25 06:31:05,1089,3060,4261,12,0.0123583935
2023-05-25 06:31:09,1090,3059,4258,12,0.0123583935
2023-05-25 06:31:18,1091,3062,4257,12,0.0123583935
2023-05-25 06:31:22.400000,1092,3061,4255,12,0.0123583935
2023-05-25 06:31:26.600000,1093,3060,4253,12,0.0123583935
2023-05-25 06:31:31,1094,3059,4251,12,0.0123583935
2023-05-25 06:31:43.600000,1095,3065,4249,12,0.0123583935
2023-05-25 06:31:48,1096,3064,4247,12,0.0123583935
2023-05-25 06:31:52,1097,3063,4245,12,0.0123583935
2023-05-25 06:32:02,1098,3065,4244,12,0.0123583935
2023-05-25 06:32:10,1099,3068,4242,12,0.0123583935
2023-05-25 06:32:18,1100,3071,4240,12,0.0123583935
2023-05-25 06:32:22.200000,1101,3069,4238,12,0.0123583935
2023-05-25 06:32:26.800000,1102,3068,4236,12,0.0123583935
2023-05-25 06:32:31.400000,1103,3068,4234,12,0.0123583935
2023-05-25 06:32:34.800000,1104,3066,4231,12,0.0123583935
2023-05-25 06:32:39,1105,3065,4229,12,0.0123583935
2023-05-25 06:32:42.800000,1106,3064,4227,12,0.0123583935
2023-05-25 06:32:46.800000,1107,3063,4224,12,0.0123583935
2023-05-25 06:32:51,1108,3062,4222,12,0.0123583935
2023-05-25 06:32:55,1109,3061,4220,12,0.0123583935
2023-05-25 06:32:59.800000,1110,3060,4219,12,0.0123583935
2023-05-25 06:33:09,1111,3059,4221,12,0.0123583935
2023-05-25 06:33:17.600000,1112,3057,4223,12,0.0123583935
2023-05-25 06:33:23.800000,1113,3057,4222,12,0.0123583935
2023-05-25 06:33:31.600000,1114,3060,4220,12,0.0123583935
2023-05-25 06:33:40.600000,1115,3063,4218,12,0.0123583935
2023-05-25 06:33:44.600000,1116,3062,4216,12,0.0123583935
2023-05-25 06:33:53.600000,1117,3064,4214,12,0.0123583935
2023-05-25 06:33:59.400000,1118,3063,4214,12,0.0123583935
2023-05-25 06:34:04.400000,1119,3062,4212,12,0.0123583935
2023-05-25 06:34:13.800000,1120,3064,4211,12,0.0123583935
2023-05-25 06:34:17.800000,1121,3063,4209,12,0.0123583935
2023-05-25 06:34:21.800000,1122,3062,4207,12,0.0123583935
2023-05-25 06:34:25.800000,1123,3061,4205,12,0.0123583935
2023-05-25 06:34:33,1124,3060,4206,12,0.0123583935
2023-05-25 06:34:38,1125,3059,4204,12,0.0123583935
2023-05-25 06:34:42.400000,1126,3058,4203,12,0.0123583935
2023-05-25 06:34:46.400000,1127,3056,4201,12,0.0123583935
2023-05-25 06:34:50.400000,1128,3055,4198,12,0.0123583935
2023-05-25 06:34:54.400000,1129,3054,4196,12,0.0123583935
2023-05-25 06:34:58.400000,1130,3053,4194,12,0.0123583935
2023-05-25 06:35:02.400000,1131,3052,4192,12,0.0123583935
2023-05-25 06:35:06.600000,1132,3051,4190,12,0.0123583935
2023-05-25 06:35:10.600000,1133,3050,4188,12,0.0123583935
2023-05-25 06:35:14.600000,1134,3049,4186,12,0.0123583935
2023-05-25 06:35:31,1135,3048,4195,12,0.0123583935
2023-05-25 06:35:42.800000,1136,3053,4193,12,0.0123583935
2023-05-25 06:35:46.600000,1137,3052,4191,12,0.0123583935
2023-05-25 06:35:50.600000,1138,3051,4188,12,0.0123583935
2023-05-25 06:35:55,1139,3050,4187,12,0.0123583935
2023-05-25 06:35:58.800000,1140,3049,4184,12,0.0123583935
2023-05-25 06:36:03,1141,3048,4182,13,0.011393514
2023-05-25 06:36:07,1142,3047,4180,13,0.011393514
2023-05-25 06:36:18.800000,1143,3052,4178,13,0.011393514
2023-05-25 06:36:22.800000,1144,3051,4176,13,0.011393514
2023-05-25 06:36:27.400000,1145,3050,4175,13,0.011393514
2023-05-25 06:36:31.400000,1146,3049,4172,13,0.011393514
2023-05-25 06:36:36,1147,3049,4171,13,0.011393514
2023-05-25 06:36:39.800000,1148,3047,4168,13,0.011393514
2023-05-25 06:36:48.200000,1149,3050,4166,13,0.011393514
2023-05-25 06:36:57.200000,1150,3053,4165,13,0.011393514
2023-05-25 06:37:01.400000,1151,3052,4163,13,0.011393514
2023-05-25 06:37:05.400000,1152,3051,4161,13,0.011393514
2023-05-25 06:37:09.800000,1153,3050,4159,13,0.011393514
2023-05-25 06:37:13.800000,1154,3049,4157,13,0.011393514
2023-05-25 06:37:21.200000,1155,3047,4158,13,0.011393514
2023-05-25 06:37:25.200000,1156,3046,4156,13,0.011393514
2023-05-25 06:37:29.400000,1157,3045,4154,13,0.011393514
2023-05-25 06:37:33.400000,1158,3044,4152,13,0.011393514
2023-05-25 06:37:37.600000,1159,3043,4150,13,0.011393514
2023-05-25 06:37:41.600000,1160,3042,4148,13,0.011393514
2023-05-25 06:37:45.800000,1161,3041,4146,13,0.011393514
2023-05-25 06:37:50.200000,1162,3040,4145,13,0.011393514
2023-05-25 06:37:58.800000,1163,3043,4143,13,0.011393514
2023-05-25 06:38:36.600000,1164,3071,4140,13,0.011393514
2023-05-25 06:39:32.600000,1165,3115,4138,13,0.011393514
2023-05-25 06:39:40.600000,1166,3117,4136,13,0.011393514
2023-05-25 06:41:23,1167,3200,4134,13,0.011393514
2023-05-25 06:41:39.800000,1168,3210,4132,13,0.011393514
2023-05-25 06:42:00.800000,1169,3223,4130,13,0.011393514
2023-05-25 06:42:04.800000,1170,3222,4128,13,0.011393514
2023-05-25 06:42:13.800000,1171,3225,4126,13,0.011393514
2023-05-25 06:42:17.400000,1172,3224,4124,13,0.011393514
2023-05-25 06:42:28,1173,3226,4124,13,0.011393514
2023-05-25 06:42:32.200000,1174,3225,4122,13,0.011393514
2023-05-25 06:42:36.600000,1175,3224,4121,13,0.011393514
2023-05-25 06:42:40.600000,1176,3222,4119,13,0.011393514
2023-05-25 06:42:44.600000,1177,3221,4117,13,0.011393514
2023-05-25 06:42:49.400000,1178,3220,4115,13,0.011393514
2023-05-25 06:42:53.200000,1179,3219,4113,13,0.011393514
2023-05-25 06:42:58,1180,3218,4111,13,0.011393514
2023-05-25 06:43:10.200000,1181,3224,4109,13,0.011393514
2023-05-25 06:43:14.200000,1182,3223,4107,13,0.011393514
2023-05-25 06:43:18.200000,1183,3222,4105,13,0.011393514
2023-05-25 06:43:22.200000,1184,3220,4103,13,0.011393514
2023-05-25 06:43:26.200000,1185,3219,4102,13,0.011393514
2023-05-25 06:43:30.200000,1186,3218,4100,13,0.011393514
2023-05-25 06:43:34.200000,1187,3217,4098,13,0.011393514
2023-05-25 06:43:38.200000,1188,3216,4096,13,0.011393514
2023-05-25 06:43:46.400000,1189,3218,4094,13,0.011393514
2023-05-25 06:43:57,1190,3222,4092,13,0.011393514
2023-05-25 06:44:04,1191,3221,4092,13,0.011393514
2023-05-25 06:44:08.200000,1192,3220,4091,13,0.011393514
2023-05-25 06:44:17.600000,1193,3219,4093,13,0.011393514
2023-05-25 06:46:46,1194,3218,4212,13,0.011393514
2023-05-25 06:46:50,1195,3217,4210,13,0.011393514
2023-05-25 06:46:55.600000,1196,3215,4210,13,0.011393514
2023-05-25 06:46:59.800000,1197,3214,4208,13,0.011393514
2023-05-25 06:47:03.800000,1198,3213,4206,13,0.011393514
2023-05-25 06:47:08,1199,3212,4204,13,0.011393514
2023-05-25 06:47:12.600000,1200,3211,4202,13,0.011393514
2023-05-25 06:47:16.800000,1201,3209,4200,13,0.011393514
2023-05-25 06:47:20.800000,1202,3208,4199,13,0.011393514
2023-05-25 06:47:25,1203,3207,4197,13,0.011393514
2023-05-25 06:47:29.800000,1204,3206,4195,13,0.011393514
2023-05-25 06:47:33.800000,1205,3205,4193,13,0.011393514
2023-05-25 06:47:38.400000,1206,3204,4192,13,0.011393514
2023-05-25 06:47:48.600000,1207,3202,4195,13,0.011393514
2023-05-25 06:47:52.800000,1208,3201,4193,13,0.011393514
2023-05-25 06:47:57,1209,3200,4192,13,0.011393514
2023-05-25 06:48:01.200000,1210,3199,4190,13,0.011393514
2023-05-25 06:48:05,1211,3197,4188,13,0.011393514
2023-05-25 06:48:09.200000,1212,3196,4186,13,0.011393514
2023-05-25 06:48:13.200000,1213,3195,4184,13,0.011393514
2023-05-25 06:48:17.200000,1214,3194,4182,13,0.011393514
2023-05-25 06:48:21.400000,1215,3193,4180,13,0.011393514
2023-05-25 06:48:25.400000,1216,3191,4179,13,0.011393514
2023-05-25 06:48:29.600000,1217,3190,4177,13,0.011393514
2023-05-25 06:48:33.800000,1218,3189,4175,13,0.011393514
2023-05-25 06:48:38,1219,3188,4173,13,0.011393514
2023-05-25 06:48:42,1220,3187,4171,13,0.011393514
2023-05-25 06:48:46.400000,1221,3186,4170,13,0.011393514
2023-05-25 06:48:50.400000,1222,3185,4168,13,0.011393514
2023-05-25 06:48:54.600000,1223,3183,4166,13,0.011393514
2023-05-25 06:48:58.800000,1224,3182,4164,13,0.011393514
2023-05-25 06:49:03,1225,3181,4162,13,0.011393514
2023-05-25 06:49:07,1226,3180,4160,13,0.011393514
2023-05-25 06:49:13.600000,1227,3179,4161,13,0.011393514
2023-05-25 06:49:17.600000,1228,3178,4159,13,0.011393514
2023-05-25 06:49:21.600000,1229,3177,4157,13,0.011393514
2023-05-25 06:49:26.200000,1230,3176,4155,13,0.011393514
2023-05-25 06:49:30.400000,1231,3175,4153,13,0.011393514
2023-05-25 06:49:34.400000,1232,3173,4152,13,0.011393514
2023-05-25 06:49:38.600000,1233,3172,4150,13,0.011393514
2023-05-25 06:49:43.400000,1234,3171,4149,13,0.011393514
2023-05-25 06:49:48,1235,3170,4147,13,0.011393514
2023-05-25 06:49:52,1236,3169,4145,13,0.011393514
2023-05-25 06:49:56,1237,3168,4144,13,0.011393514
2023-05-25 06:50:05.400000,1238,3167,4146,13,0.011393514
2023-05-25 06:50:09.400000,1239,3166,4144,13,0.011393514
2023-05-25 06:50:15,1240,3165,4143,13,0.011393514
2023-05-25 06:50:21.200000,1241,3163,4143,13,0.011393514
2023-05-25 06:50:25.400000,1242,3162,4142,13,0.011393514
2023-05-25 06:50:29.400000,1243,3161,4140,14,0.011263073
2023-05-25 06:50:33.400000,1244,3160,4138,14,0.011263073
2023-05-25 06:50:38.400000,1245,3159,4137,14,0.011263073
2023-05-25 06:50:42.400000,1246,3158,4135,14,0.011263073
2023-05-25 06:50:46.200000,1247,3157,4133,14,0.011263073
2023-05-25 06:50:50.200000,1248,3155,4131,14,0.011263073
2023-05-25 06:50:54.400000,1249,3154,4130,14,0.011263073
2023-05-25 06:50:58.600000,1250,3153,4128,14,0.011263073
2023-05-25 06:51:02.600000,1251,3152,4126,14,0.011263073
2023-05-25 06:51:06.600000,1252,3151,4124,14,0.011263073
2023-05-25 06:51:10.600000,1253,3150,4122,14,0.011263073
2023-05-25 06:51:14.800000,1254,3149,4121,14,0.011263073
2023-05-25 06:51:19,1255,3148,4119,14,0.011263073
2023-05-25 06:51:23.200000,1256,3147,4117,14,0.011263073
2023-05-25 06:51:27.200000,1257,3146,4115,14,0.011263073
2023-05-25 06:51:31.400000,1258,3145,4114,14,0.011263073
2023-05-25 06:51:36.200000,1259,3144,4113,14,0.011263073
2023-05-25 06:51:41,1260,3143,4111,14,0.011263073
2023-05-25 06:51:45.200000,1261,3141,4110,14,0.011263073
2023-05-25 06:51:49.400000,1262,3140,4108,14,0.011263073
2023-05-25 06:51:53.600000,1263,3139,4106,14,0.011263073
2023-05-25 06:51:57.600000,1264,3138,4105,14,0.011263073
2023-05-25 06:52:02.600000,1265,3137,4104,14,0.011263073
2023-05-25 06:52:06.800000,1266,3136,4102,14,0.011263073
2023-05-25 06:52:11,1267,3135,4100,14,0.011263073
2023-05-25 06:52:15.600000,1268,3134,4099,14,0.011263073
2023-05-25 06:52:20.600000,1269,3133,4098,14,0.011263073
2023-05-25 06:52:24.600000,1270,3132,4096,14,0.011263073
2023-05-25 06:52:28.800000,1271,3131,4094,14,0.011263073
2023-05-25 06:52:33,1272,3130,4093,14,0.011263073
2023-05-25 06:52:37,1273,3129,4091,14,0.011263073
2023-05-25 06:52:41.200000,1274,3128,4089,14,0.011263073
2023-05-25 06:52:48,1275,3126,4090,14,0.011263073
2023-05-25 06:52:52,1276,3125,4088,14,0.011263073
2023-05-25 06:52:56,1277,3124,4086,14,0.011263073
2023-05-25 06:53:00.200000,1278,3123,4085,14,0.011263073
2023-05-25 06:53:04.800000,1279,3122,4083,14,0.011263073
2023-05-25 06:53:09.600000,1280,3121,4082,14,0.011263073
2023-05-25 06:53:13.600000,1281,3120,4080,14,0.011263073
2023-05-25 06:53:17.800000,1282,3119,4079,14,0.011263073
2023-05-25 06:53:22.800000,1283,3118,4078,14,0.011263073
2023-05-25 06:53:28.800000,1284,3117,4078,14,0.011263073
2023-05-25 06:53:32.800000,1285,3116,4076,14,0.011263073
2023-05-25 06:53:37,1286,3115,4074,14,0.011263073
2023-05-25 06:53:41.400000,1287,3114,4073,14,0.011263073
2023-05-25 06:53:45.400000,1288,3113,4071,14,0.011263073
2023-05-25 06:53:49.600000,1289,3112,4069,14,0.011263073
2023-05-25 06:53:54.600000,1290,3111,4068,14,0.011263073
2023-05-25 06:53:59.400000,1291,3110,4067,14,0.011263073
2023-05-25 06:54:03.600000,1292,3109,4066,14,0.011263073
2023-05-25 06:54:07.600000,1293,3108,4064,14,0.011263073
2023-05-25 06:54:11.800000,1294,3107,4062,14,0.011263073
2023-05-25 06:54:15.800000,1295,3106,4061,14,0.011263073
2023-05-25 06:54:20,1296,3105,4059,14,0.011263073
2023-05-25 06:54:24.200000,1297,3104,4058,14,0.011263073
2023-05-25 06:54:28.400000,1298,3103,4056,14,0.011263073
2023-05-25 06:54:32.400000,1299,3102,4054,14,0.011263073
2023-05-25 06:54:36.600000,1300,3101,4053,14,0.011263073
2023-05-25 06:54:40.800000,1301,3100,4051,14,0.011263073
2023-05-25 06:54:45,1302,3099,4049,14,0.011263073
2023-05-25 06:54:49.600000,1303,3098,4048,14,0.011263073
2023-05-25 06:54:53.800000,1304,3097,4046,14,0.011263073
2023-05-25 06:54:59.200000,1305,3096,4046,14,0.011263073
2023-05-25 06:55:03.200000,1306,3095,4044,14,0.011263073
2023-05-25 06:55:08,1307,3094,4043,14,0.011263073
2023-05-25 06:55:14.400000,1308,3093,4043,14,0.011263073
2023-05-25 06:55:18.600000,1309,3092,4042,14,0.011263073
2023-05-25 06:55:22.800000,1310,3091,4040,14,0.011263073
2023-05-25 06:55:26.800000,1311,3090,4038,14,0.011263073
2023-05-25 06:55:37.400000,1312,3089,4042,14,0.011263073
2023-05-25 06:55:41.400000,1313,3088,4040,14,0.011263073
2023-05-25 06:55:45.600000,1314,3087,4038,14,0.011263073
2023-05-25 06:55:49.600000,1315,3086,4037,14,0.011263073
2023-05-25 06:55:53.800000,1316,3085,4035,14,0.011263073
2023-05-25 06:55:57.800000,1317,3084,4033,14,0.011263073
2023-05-25 06:56:01.600000,1318,3083,4032,14,0.011263073
2023-05-25 06:56:06.600000,1319,3082,4031,14,0.011263073
2023-05-25 06:56:11.600000,1320,3081,4030,14,0.011263073
2023-05-25 06:56:16.200000,1321,3080,4028,14,0.011263073
2023-05-25 06:56:21.400000,1322,3079,4028,14,0.011263073
2023-05-25 06:56:25.400000,1323,3078,4026,14,0.011263073
2023-05-25 06:56:30.400000,1324,3077,4025,14,0.011263073
2023-05-25 06:56:34.400000,1325,3076,4023,14,0.011263073
2023-05-25 06:56:38.600000,1326,3075,4022,14,0.011263073
2023-05-25 06:56:42.800000,1327,3074,4020,14,0.011263073
2023-05-25 06:56:48,1328,3073,4020,14,0.011263073
2023-05-25 06:56:52,1329,3072,4018,14,0.011263073
2023-05-25 06:56:56,1330,3072,4016,14,0.011263073
2023-05-25 06:57:00.200000,1331,3071,4015,14,0.011263073
2023-05-25 06:57:07,1332,3070,4015,14,0.011263073
2023-05-25 06:57:11.200000,1333,3069,4014,14,0.011263073
2023-05-25 06:57:15.600000,1334,3068,4012,14,0.011263073
2023-05-25 06:57:20.200000,1335,3067,4011,14,0.011263073
2023-05-25 06:57:25.200000,1336,3066,4010,14,0.011263073
2023-05-25 06:57:29.400000,1337,3065,4009,14,0.011263073
2023-05-25 06:57:34.200000,1338,3064,4008,14,0.011263073
2023-05-25 06:57:38.400000,1339,3063,4006,14,0.011263073
2023-05-25 06:57:43.600000,1340,3062,4005,14,0.011263073
2023-05-25 06:57:47.800000,1341,3061,4004,14,0.011263073
2023-05-25 06:57:52.200000,1342,3060,4002,14,0.011263073
2023-05-25 06:57:58,1343,3059,4002,14,0.011263073
2023-05-25 06:58:06.800000,1344,3058,4004,14,0.011263073
2023-05-25 06:58:10.800000,1345,3057,4002,14,0.011263073
2023-05-25 06:58:14.600000,1346,3056,4001,14,0.011263073
2023-05-25 06:58:19.600000,1347,3055,4000,14,0.011263073
2023-05-25 06:58:23.800000,1348,3054,3998,14,0.011263073
2023-05-25 06:58:28.600000,1349,3053,3997,14,0.011263073
2023-05-25 06:58:33.600000,1350,3053,3997,14,0.011263073
2023-05-25 06:58:37.800000,1351,3052,3995,14,0.011263073
2023-05-25 06:58:42.800000,1352,3051,3994,14,0.011263073
2023-05-25 06:58:47,1353,3050,3993,14,0.011263073
2023-05-25 06:58:51.200000,1354,3049,3991,14,0.011263073
2023-05-25 06:58:55.600000,1355,3048,3990,14,0.011263073
2023-05-25 06:58:59.800000,1356,3047,3988,14,0.011263073
2023-05-25 06:59:04.200000,1357,3046,3987,15,0.011053795
2023-05-25 06:59:08.400000,1358,3045,3986,15,0.011053795
2023-05-25 06:59:12.600000,1359,3044,3984,15,0.011053795
2023-05-25 06:59:16.600000,1360,3043,3983,15,0.011053795
2023-05-25 06:59:20.600000,1361,3042,3981,15,0.011053795
2023-05-25 06:59:24.600000,1362,3041,3980,15,0.011053795
2023-05-25 06:59:29.400000,1363,3040,3979,15,0.011053795
2023-05-25 06:59:33.800000,1364,3040,3977,15,0.011053795
2023-05-25 06:59:38,1365,3039,3976,15,0.011053795
2023-05-25 06:59:42,1366,3038,3974,15,0.011053795
2023-05-25 06:59:46,1367,3037,3973,15,0.011053795
2023-05-25 06:59:50,1368,3036,3971,15,0.011053795
2023-05-25 06:59:54,1369,3035,3969,15,0.011053795
2023-05-25 06:59:58.400000,1370,3034,3968,15,0.011053795
2023-05-25 07:00:02.600000,1371,3033,3967,15,0.011053795
2023-05-25 07:00:06.800000,1372,3032,3965,15,0.011053795
2023-05-25 07:00:11,1373,3031,3964,15,0.011053795
2023-05-25 07:00:15.200000,1374,3031,3962,15,0.011053795
2023-05-25 07:00:19.600000,1375,3030,3961,15,0.011053795
2023-05-25 07:00:24.600000,1376,3029,3960,15,0.011053795
2023-05-25 07:00:29,1377,3028,3959,15,0.011053795
2023-05-25 07:00:33.200000,1378,3027,3958,15,0.011053795
2023-05-25 07:00:37.400000,1379,3026,3956,15,0.011053795
2023-05-25 07:00:42,1380,3025,3955,15,0.011053795
2023-05-25 07:00:47,1381,3024,3954,15,0.011053795
2023-05-25 07:00:51.800000,1382,3023,3953,15,0.011053795
2023-05-25 07:01:05.800000,1383,3023,3959,15,0.011053795
2023-05-25 07:01:09.800000,1384,3022,3957,15,0.011053795
2023-05-25 07:01:13.800000,1385,3021,3956,15,0.011053795
2023-05-25 07:01:18,1386,3020,3954,15,0.011053795
2023-05-25 07:01:22,1387,3019,3953,15,0.011053795
2023-05-25 07:01:26.800000,1388,3018,3952,15,0.011053795
2023-05-25 07:01:31.800000,1389,3017,3951,15,0.011053795
2023-05-25 07:01:36,1390,3016,3950,15,0.011053795
2023-05-25 07:01:40,1391,3015,3948,15,0.011053795
2023-05-25 07:01:45,1392,3014,3947,15,0.011053795
2023-05-25 07:01:49.200000,1393,3014,3946,15,0.011053795
2023-05-25 07:01:54,1394,3013,3945,15,0.011053795
2023-05-25 07:01:59,1395,3012,3944,15,0.011053795
2023-05-25 07:02:03.200000,1396,3011,3943,15,0.011053795
2023-05-25 07:02:07.800000,1397,3010,3941,15,0.011053795
2023-05-25 07:02:12,1398,3009,3940,15,0.011053795
2023-05-25 07:02:17,1399,3009,3939,15,0.011053795
2023-05-25 07:02:21.400000,1400,3008,3938,15,0.011053795
2023-05-25 07:02:26,1401,3007,3937,16,0.011420414
2023-05-25 07:02:30.400000,1402,3006,3936,16,0.011420414
2023-05-25 07:02:34.600000,1403,3005,3934,16,0.011420414
2023-05-25 07:02:38.800000,1404,3004,3933,17,0.012108262
2023-05-25 07:02:43,1405,3003,3932,17,0.012108262
2023-05-25 07:02:47.400000,1406,3002,3930,17,0.012108262
2023-05-25 07:02:51.600000,1407,3001,3929,17,0.012108262
2023-05-25 07:02:57,1408,3001,3929,17,0.012108262
2023-05-25 07:03:01.200000,1409,3000,3927,17,0.012108262
2023-05-25 07:03:05.800000,1410,2999,3926,17,0.012108262
2023-05-25 07:03:10,1411,2998,3925,17,0.012108262
2023-05-25 07:03:16,1412,2997,3925,17,0.012108262
2023-05-25 07:03:20,1413,2996,3923,17,0.012108262
2023-05-25 07:03:24.200000,1414,2996,3922,17,0.012108262
2023-05-25 07:03:29.400000,1415,2995,3921,17,0.012108262
2023-05-25 07:03:33.400000,1416,2994,3920,17,0.012108262
2023-05-25 07:03:37.600000,1417,2993,3918,17,0.012108262
2023-05-25 07:03:41.800000,1418,2992,3917,17,0.012108262
2023-05-25 07:03:46,1419,2991,3916,17,0.012108262
2023-05-25 07:03:51,1420,2990,3915,17,0.012108262
2023-05-25 07:03:55,1421,2990,3913,17,0.012108262
2023-05-25 07:03:59.800000,1422,2989,3913,17,0.012108262
2023-05-25 07:04:04.200000,1423,2988,3911,17,0.012108262
2023-05-25 07:04:08.200000,1424,2987,3910,17,0.012108262
2023-05-25 07:04:12.600000,1425,2986,3909,17,0.012108262
2023-05-25 07:04:16.800000,1426,2985,3907,17,0.012108262
2023-05-25 07:04:22.400000,1427,2985,3907,17,0.012108262
2023-05-25 07:04:26.400000,1428,2984,3906,17,0.012108262
2023-05-25 07:04:31.400000,1429,2983,3905,17,0.012108262
2023-05-25 07:04:36,1430,2982,3904,17,0.012108262
2023-05-25 07:04:40.400000,1431,2981,3903,17,0.012108262
2023-05-25 07:04:44.400000,1432,2980,3901,17,0.012108262
2023-05-25 07:04:48.800000,1433,2979,3900,17,0.012108262
2023-05-25 07:04:53,1434,2979,3899,17,0.012108262
2023-05-25 07:04:57.200000,1435,2978,3897,17,0.012108262
2023-05-25 07:05:02,1436,2977,3897,17,0.012108262
2023-05-25 07:05:06.400000,1437,2976,3895,17,0.012108262
2023-05-25 07:05:11.800000,1438,2975,3895,17,0.012108262
2023-05-25 07:05:15.800000,1439,2974,3893,17,0.012108262
2023-05-25 07:05:20.200000,1440,2974,3892,17,0.012108262
2023-05-25 07:05:24.800000,1441,2973,3891,17,0.012108262
2023-05-25 07:05:29,1442,2972,3890,17,0.012108262
2023-05-25 07:05:34.600000,1443,2971,3890,17,0.012108262
2023-05-25 07:05:38.800000,1444,2970,3888,17,0.012108262
2023-05-25 07:05:46,1445,2969,3889,17,0.012108262
2023-05-25 07:05:50.200000,1446,2969,3888,17,0.012108262
2023-05-25 07:05:54.200000,1447,2968,3886,17,0.012108262
2023-05-25 07:05:58.600000,1448,2967,3885,17,0.012108262
2023-05-25 07:06:03,1449,2966,3884,17,0.012108262
2023-05-25 07:06:07,1450,2965,3882,17,0.012108262
2023-05-25 07:06:11.400000,1451,2965,3881,17,0.012108262
2023-05-25 07:06:15.400000,1452,2964,3880,17,0.012108262
2023-05-25 07:06:19.400000,1453,2963,3878,17,0.012108262
2023-05-25 07:06:24,1454,2962,3877,17,0.012108262
2023-05-25 07:06:30.600000,1455,2961,3878,17,0.012108262
2023-05-25 07:06:35.400000,1456,2961,3877,17,0.012108262
2023-05-25 07:06:40.200000,1457,2960,3876,17,0.012108262
2023-05-25 07:06:52,1458,2959,3880,17,0.012108262
2023-05-25 07:06:56.200000,1459,2958,3879,17,0.012108262
2023-05-25 07:07:00.400000,1460,2957,3877,17,0.012108262
2023-05-25 07:07:04.600000,1461,2957,3876,17,0.012108262
2023-05-25 07:07:08.800000,1462,2956,3875,17,0.012108262
2023-05-25 07:07:12.800000,1463,2955,3873,17,0.012108262
2023-05-25 07:07:17.200000,1464,2954,3872,17,0.012108262
2023-05-25 07:07:21.400000,1465,2954,3871,17,0.012108262
2023-05-25 07:07:25.400000,1466,2953,3869,17,0.012108262
2023-05-25 07:07:29.600000,1467,2952,3868,17,0.012108262
2023-05-25 07:07:34.400000,1468,2951,3867,17,0.012108262
2023-05-25 07:07:39.400000,1469,2950,3867,17,0.012108262
2023-05-25 07:07:43.600000,1470,2950,3865,17,0.012108262
2023-05-25 07:07:48.200000,1471,2949,3864,17,0.012108262
2023-05-25 07:07:52.200000,1472,2948,3863,17,0.012108262
2023-05-25 07:07:56.800000,1473,2947,3862,17,0.012108262
2023-05-25 07:08:02,1474,2946,3861,17,0.012108262
2023-05-25 07:08:07.600000,1475,2946,3861,17,0.012108262
2023-05-25 07:08:11.600000,1476,2945,3860,17,0.012108262
2023-05-25 07:08:16.600000,1477,2944,3859,17,0.012108262
2023-05-25 07:08:20.600000,1478,2943,3858,17,0.012108262
2023-05-25 07:08:24.600000,1479,2942,3856,17,0.012108262
2023-05-25 07:08:28.800000,1480,2942,3855,17,0.012108262
2023-05-25 07:08:35.800000,1481,2941,3856,17,0.012108262
2023-05-25 07:08:40,1482,2940,3854,17,0.012108262
2023-05-25 07:08:45,1483,2939,3854,17,0.012108262
2023-05-25 07:08:50.400000,1484,2939,3853,17,0.012108262
2023-05-25 07:08:54.400000,1485,2938,3852,17,0.012108262
2023-05-25 07:08:58.600000,1486,2937,3851,17,0.012108262
2023-05-25 07:09:03,1487,2936,3850,17,0.012108262
2023-05-25 07:09:07,1488,2936,3848,17,0.012108262
2023-05-25 07:09:11.400000,1489,2935,3847,17,0.012108262
2023-05-25 07:09:16.200000,1490,2934,3846,17,0.012108262
2023-05-25 07:09:21,1491,2933,3845,17,0.012108262
2023-05-25 07:09:25,1492,2932,3844,17,0.012108262
2023-05-25 07:09:29.600000,1493,2932,3843,17,0.012108262
2023-05-25 07:09:34.800000,1494,2931,3842,17,0.012108262
2023-05-25 07:09:39.600000,1495,2930,3842,17,0.012108262
2023-05-25 07:09:44,1496,2929,3841,17,0.012108262
2023-05-25 07:09:48,1497,2929,3839,17,0.012108262
2023-05-25 07:09:52.200000,1498,2928,3838,17,0.012108262
2023-05-25 07:09:56.800000,1499,2927,3837,17,0.012108262
2023-05-25 07:10:02.200000,1500,2926,3837,17,0.012108262
2023-05-25 07:10:07.400000,1501,2926,3836,17,0.012108262
2023-05-25 07:10:13.400000,1502,2925,3836,17,0.012108262
2023-05-25 07:10:17.800000,1503,2924,3835,17,0.012108262
2023-05-25 07:12:39.200000,1504,2923,3925,17,0.012108262
2023-05-25 07:12:44.200000,1505,2923,3924,17,0.012108262
2023-05-25 07:12:50,1506,2922,3924,17,0.012108262
2023-05-25 07:12:55.600000,1507,2921,3924,17,0.012108262
2023-05-25 07:12:59.800000,1508,2920,3922,17,0.012108262
2023-05-25 07:13:04.600000,1509,2920,3922,17,0.012108262
2023-05-25 07:13:08.800000,1510,2919,3920,17,0.012108262
2023-05-25 07:13:13.200000,1511,2918,3919,17,0.012108262
2023-05-25 07:13:19,1512,2917,3919,17,0.012108262
2023-05-25 07:13:23,1513,2917,3917,17,0.012108262
2023-05-25 07:13:27.600000,1514,2916,3916,17,0.012108262
2023-05-25 07:13:32,1515,2915,3915,17,0.012108262
2023-05-25 07:13:36.800000,1516,2915,3914,17,0.012108262
2023-05-25 07:13:41,1517,2914,3913,17,0.012108262
2023-05-25 07:13:45,1518,2913,3912,17,0.012108262
2023-05-25 07:13:55.400000,1519,2912,3915,17,0.012108262
2023-05-25 07:13:59.400000,1520,2911,3913,17,0.012108262
2023-05-25 07:14:03.400000,1521,2911,3912,17,0.012108262
2023-05-25 07:14:07.400000,1522,2910,3911,17,0.012108262
2023-05-25 07:14:15.800000,1523,2909,3912,17,0.012108262
2023-05-25 07:14:19.600000,1524,2908,3911,17,0.012108262
2023-05-25 07:14:24,1525,2908,3910,17,0.012108262
2023-05-25 07:14:28,1526,2907,3908,17,0.012108262
2023-05-25 07:14:33,1527,2906,3908,17,0.012108262
2023-05-25 07:14:37.200000,1528,2905,3907,17,0.012108262
2023-05-25 07:14:41.200000,1529,2904,3905,17,0.012108262
2023-05-25 07:14:45.200000,1530,2904,3904,17,0.012108262
2023-05-25 07:14:49.400000,1531,2903,3903,17,0.012108262
2023-05-25 07:14:53.600000,1532,2902,3902,17,0.012108262
2023-05-25 07:14:57.600000,1533,2901,3900,17,0.012108262
2023-05-25 07:15:02.200000,1534,2901,3899,17,0.012108262
2023-05-25 07:15:06.400000,1535,2900,3898,17,0.012108262
2023-05-25 07:15:10.400000,1536,2899,3897,17,0.012108262
2023-05-25 07:15:14.600000,1537,2898,3895,17,0.012108262
2023-05-25 07:15:19.600000,1538,2898,3895,17,0.012108262
2023-05-25 07:15:24.200000,1539,2897,3894,17,0.012108262
2023-05-25 07:15:28.200000,1540,2896,3892,17,0.012108262
2023-05-25 07:15:32.400000,1541,2896,3891,17,0.012108262
2023-05-25 07:15:37.200000,1542,2895,3890,17,0.012108262
2023-05-25 07:15:41.800000,1543,2894,3890,17,0.012108262
2023-05-25 07:15:46,1544,2893,3888,17,0.012108262
2023-05-25 07:15:51.200000,1545,2893,3888,17,0.012108262
2023-05-25 07:15:55.400000,1546,2892,3886,17,0.012108262
2023-05-25 07:15:59.600000,1547,2891,3885,17,0.012108262
2023-05-25 07:16:04.200000,1548,2890,3884,17,0.012108262
2023-05-25 07:16:08.400000,1549,2890,3883,17,0.012108262
2023-05-25 07:16:12.400000,1550,2889,3882,17,0.012108262
2023-05-25 07:16:16.600000,1551,2888,3881,17,0.012108262
2023-05-25 07:16:20.600000,1552,2888,3879,17,0.012108262
2023-05-25 07:16:24.800000,1553,2887,3878,17,0.012108262
2023-05-25 07:16:29.600000,1554,2886,3877,17,0.012108262
2023-05-25 07:16:35.200000,1555,2885,3877,17,0.012108262
2023-05-25 07:16:39.400000,1556,2885,3876,17,0.012108262
2023-05-25 07:16:44.600000,1557,2884,3875,17,0.012108262
2023-05-25 07:16:52.800000,1558,2883,3877,17,0.012108262
2023-05-25 07:16:57,1559,2883,3875,17,0.012108262
2023-05-25 07:17:02,1560,2882,3875,17,0.012108262
2023-05-25 07:17:06,1561,2881,3873,17,0.012108262
2023-05-25 07:17:10,1562,2880,3872,17,0.012108262
2023-05-25 07:17:15.200000,1563,2880,3872,17,0.012108262
2023-05-25 07:17:19.800000,1564,2879,3871,17,0.012108262
2023-05-25 07:17:24.400000,1565,2878,3870,17,0.012108262
2023-05-25 07:17:28.400000,1566,2878,3868,17,0.012108262
2023-05-25 07:17:34.200000,1567,2877,3868,17,0.012108262
2023-05-25 07:17:39.600000,1568,2876,3868,17,0.012108262
2023-05-25 07:17:43.600000,1569,2876,3866,17,0.012108262
2023-05-25 07:17:50,1570,2875,3867,17,0.012108262
2023-05-25 07:17:54.800000,1571,2874,3866,17,0.012108262
2023-05-25 07:18:00.200000,1572,2874,3865,17,0.012108262
2023-05-25 07:18:05.400000,1573,2873,3865,17,0.012108262
2023-05-25 07:18:10.400000,1574,2872,3864,17,0.012108262
2023-05-25 07:18:15.800000,1575,2872,3864,17,0.012108262
2023-05-25 07:18:20.800000,1576,2871,3863,17,0.012108262
2023-05-25 07:18:25.200000,1577,2870,3862,17,0.012108262
2023-05-25 07:18:33.800000,1578,2869,3864,17,0.012108262
2023-05-25 07:49:44.800000,1579,3737,4177,17,0.012108262
2023-05-25 07:49:55,1580,3736,4179,17,0.012108262
2023-05-25 07:50:00.200000,1581,3735,4178,17,0.012108262
2023-05-25 07:50:09.400000,1582,3734,4180,17,0.012108262
2023-05-25 07:50:17.800000,1583,3732,4181,17,0.012108262
2023-05-25 07:50:23.600000,1584,3731,4181,17,0.012108262
2023-05-25 07:50:29.400000,1585,3730,4180,17,0.012108262
2023-05-25 07:50:35,1586,3729,4180,17,0.012108262
2023-05-25 07:50:41.600000,1587,3728,4180,17,0.012108262
2023-05-25 07:50:46.200000,1588,3726,4179,17,0.012108262
2023-05-25 07:51:09.200000,1589,3725,4189,17,0.012108262
2023-05-25 07:51:15.400000,1590,3724,4189,17,0.012108262
2023-05-25 07:51:19.400000,1591,3723,4188,17,0.012108262
2023-05-25 07:51:23,1592,3722,4186,17,0.012108262
2023-05-25 07:51:27.200000,1593,3721,4184,17,0.012108262
2023-05-25 07:51:31,1594,3719,4183,17,0.012108262
2023-05-25 07:51:35.400000,1595,3718,4182,17,0.012108262
2023-05-25 07:51:39.200000,1596,3717,4180,17,0.012108262
2023-05-25 07:51:43.600000,1597,3716,4179,17,0.012108262
2023-05-25 07:51:47.400000,1598,3714,4177,17,0.012108262
2023-05-25 07:51:52.200000,1599,3713,4176,17,0.012108262
2023-05-25 07:51:56,1600,3712,4175,17,0.012108262
2023-05-25 07:52:00.600000,1601,3711,4173,17,0.012108262
2023-05-25 07:52:09.800000,1602,3713,4172,17,0.012108262
2023-05-25 07:52:15.200000,1603,3712,4171,17,0.012108262
2023-05-25 07:52:19.800000,1604,3711,4170,17,0.012108262
2023-05-25 07:52:24,1605,3710,4169,17,0.012108262
2023-05-25 07:52:28.400000,1606,3709,4167,17,0.012108262
2023-05-25 07:52:32,1607,3707,4166,17,0.012108262
2023-05-25 07:52:50.200000,1608,3715,4165,17,0.012108262
2023-05-25 07:52:58.800000,1609,3716,4163,17,0.012108262
2023-05-25 07:53:08.200000,1610,3717,4163,17,0.012108262
2023-05-25 07:53:13,1611,3716,4162,17,0.012108262
2023-05-25 07:53:16.800000,1612,3715,4160,17,0.012108262
2023-05-25 07:53:21.800000,1613,3714,4159,17,0.012108262
2023-05-25 07:53:25.800000,1614,3713,4158,17,0.012108262
2023-05-25 07:53:31,1615,3711,4157,17,0.012108262
2023-05-25 07:53:37.800000,1616,3710,4157,17,0.012108262
2023-05-25 07:53:42.200000,1617,3709,4156,17,0.012108262
2023-05-25 07:53:46,1618,3708,4154,17,0.012108262
2023-05-25 07:53:50.200000,1619,3707,4153,17,0.012108262
2023-05-25 07:53:54.800000,1620,3706,4152,17,0.012108262
2023-05-25 07:53:59.200000,1621,3704,4151,17,0.012108262
2023-05-25 07:54:04,1622,3703,4150,17,0.012108262
2023-05-25 07:54:08,1623,3702,4148,17,0.012108262
2023-05-25 07:54:12.200000,1624,3701,4147,17,0.012108262
2023-05-25 07:54:16,1625,3700,4145,17,0.012108262
2023-05-25 07:54:20,1626,3699,4144,17,0.012108262
2023-05-25 07:54:24.400000,1627,3698,4143,17,0.012108262
2023-05-25 07:54:28.200000,1628,3697,4141,17,0.012108262
2023-05-25 07:54:33,1629,3695,4140,17,0.012108262
2023-05-25 07:54:37.400000,1630,3694,4139,17,0.012108262
2023-05-25 07:54:41.200000,1631,3693,4137,18,0.011036174
2023-05-25 07:54:45.800000,1632,3692,4136,18,0.011036174
2023-05-25 07:54:49.800000,1633,3691,4135,18,0.011036174
2023-05-25 07:54:53.800000,1634,3690,4133,18,0.011036174
2023-05-25 07:54:59.200000,1635,3689,4133,18,0.011036174
2023-05-25 07:55:04.600000,1636,3687,4132,18,0.011036174
2023-05-25 07:55:08.400000,1637,3686,4131,18,0.011036174
2023-05-25 07:55:12.800000,1638,3685,4129,18,0.011036174
2023-05-25 07:55:16.600000,1639,3684,4128,18,0.011036174
2023-05-25 07:55:25,1640,3683,4129,18,0.011036174
2023-05-25 07:55:30.200000,1641,3682,4129,18,0.011036174
2023-05-25 07:55:34.400000,1642,3680,4127,18,0.011036174
2023-05-25 07:55:38,1643,3679,4126,18,0.011036174
2023-05-25 07:55:42.800000,1644,3678,4125,18,0.011036174
2023-05-25 07:55:46.600000,1645,3677,4123,18,0.011036174
2023-05-25 07:55:50.400000,1646,3676,4122,18,0.011036174
2023-05-25 07:55:58.200000,1647,3675,4122,18,0.011036174
2023-05-25 07:56:01.800000,1648,3674,4121,18,0.011036174
2023-05-25 07:56:08.600000,1649,3672,4121,18,0.011036174
2023-05-25 07:56:12.400000,1650,3671,4120,18,0.011036174
2023-05-25 07:56:16.200000,1651,3670,4118,18,0.011036174
2023-05-25 07:56:19.800000,1652,3669,4116,18,0.011036174
2023-05-25 07:56:24.200000,1653,3668,4115,18,0.011036174
2023-05-25 07:56:28.200000,1654,3667,4114,18,0.011036174
2023-05-25 07:56:33.200000,1655,3666,4113,18,0.011036174
2023-05-25 07:56:37,1656,3665,4111,18,0.011036174
2023-05-25 07:56:41,1657,3664,4110,18,0.011036174
2023-05-25 07:56:45.200000,1658,3662,4109,18,0.011036174
2023-05-25 07:56:49.200000,1659,3661,4107,18,0.011036174
2023-05-25 07:56:54,1660,3660,4106,18,0.011036174
2023-05-25 07:56:58.400000,1661,3659,4105,18,0.011036174
2023-05-25 07:57:02.400000,1662,3658,4104,18,0.011036174
2023-05-25 07:57:06.800000,1663,3657,4103,18,0.011036174
2023-05-25 07:57:10.800000,1664,3656,4101,18,0.011036174
2023-05-25 07:57:16.200000,1665,3655,4100,18,0.011036174
2023-05-25 07:57:21.800000,1666,3654,4100,18,0.011036174
2023-05-25 07:57:25.800000,1667,3653,4099,18,0.011036174
2023-05-25 07:57:30.600000,1668,3652,4098,18,0.011036174
2023-05-25 07:57:34.200000,1669,3651,4096,18,0.011036174
2023-05-25 07:57:39,1670,3649,4095,18,0.011036174
2023-05-25 07:57:46.800000,1671,3651,4094,18,0.011036174
2023-05-25 07:57:51.800000,1672,3650,4093,18,0.011036174
2023-05-25 07:57:57,1673,3648,4092,18,0.011036174
2023-05-25 07:58:03.800000,1674,3647,4093,18,0.011036174
2023-05-25 07:58:07.600000,1675,3646,4091,18,0.011036174
2023-05-25 07:58:12,1676,3645,4090,18,0.011036174
2023-05-25 07:58:16,1677,3644,4089,18,0.011036174
2023-05-25 07:58:21,1678,3643,4088,18,0.011036174
2023-05-25 07:58:25,1679,3642,4087,18,0.011036174
2023-05-25 07:58:29.800000,1680,3641,4086,18,0.011036174
2023-05-25 07:58:34,1681,3640,4084,18,0.011036174
2023-05-25 07:58:39.800000,1682,3639,4084,18,0.011036174
2023-05-25 07:58:44.200000,1683,3638,4083,18,0.011036174
2023-05-25 07:58:48.400000,1684,3637,4081,18,0.011036174
2023-05-25 07:58:54.800000,1685,3635,4082,18,0.011036174
2023-05-25 07:59:00.800000,1686,3634,4081,18,0.011036174
2023-05-25 07:59:04.600000,1687,3633,4080,18,0.011036174
2023-05-25 07:59:08.600000,1688,3632,4079,18,0.011036174
2023-05-25 07:59:17,1689,3633,4078,18,0.011036174
2023-05-25 07:59:21.600000,1690,3632,4077,18,0.011036174
2023-05-25 07:59:25.400000,1691,3631,4075,18,0.011036174
2023-05-25 07:59:34.600000,1692,3633,4074,18,0.011036174
2023-05-25 07:59:39,1693,3632,4073,18,0.011036174
2023-05-25 07:59:42.800000,1694,3630,4072,18,0.011036174
2023-05-25 07:59:48.200000,1695,3629,4071,18,0.011036174
2023-05-25 07:59:52.200000,1696,3628,4070,18,0.011036174
2023-05-25 07:59:56.400000,1697,3627,4069,18,0.011036174
2023-05-25 08:00:01.400000,1698,3626,4068,18,0.011036174
2023-05-25 08:00:05,1699,3625,4066,18,0.011036174
2023-05-25 08:00:10.200000,1700,3624,4066,18,0.011036174
2023-05-25 08:00:14,1701,3623,4064,18,0.011036174
2023-05-25 08:00:19,1702,3622,4064,18,0.011036174
2023-05-25 08:00:24.200000,1703,3621,4063,18,0.011036174
2023-05-25 08:00:29.200000,1704,3620,4062,18,0.011036174
2023-05-25 08:00:33,1705,3619,4061,18,0.011036174
2023-05-25 08:00:38,1706,3618,4060,19,0.011137163
2023-05-25 08:00:42,1707,3617,4059,19,0.011137163
2023-05-25 08:00:46.400000,1708,3616,4057,19,0.011137163
2023-05-25 08:00:50.200000,1709,3614,4056,19,0.011137163
2023-05-25 08:00:55.800000,1710,3613,4056,19,0.011137163
2023-05-25 08:00:59.600000,1711,3612,4054,19,0.011137163
2023-05-25 08:01:04.600000,1712,3611,4054,19,0.011137163
2023-05-25 08:01:08.400000,1713,3610,4052,19,0.011137163
2023-05-25 08:01:17.800000,1714,3612,4051,19,0.011137163
2023-05-25 08:01:23.200000,1715,3611,4051,19,0.011137163
2023-05-25 08:01:27.200000,1716,3610,4050,19,0.011137163
2023-05-25 08:01:32.200000,1717,3609,4049,19,0.011137163
2023-05-25 08:01:39,1718,3608,4049,19,0.011137163
2023-05-25 08:01:42.800000,1719,3606,4048,19,0.011137163
2023-05-25 08:01:47.200000,1720,3605,4047,19,0.011137163
2023-05-25 08:01:51.200000,1721,3604,4045,19,0.011137163
2023-05-25 08:01:56.400000,1722,3603,4045,19,0.011137163
2023-05-25 08:02:00.200000,1723,3602,4043,19,0.011137163
2023-05-25 08:02:04.800000,1724,3601,4042,19,0.011137163
2023-05-25 08:02:08.400000,1725,3600,4041,20,0.011594203
2023-05-25 08:02:16,1726,3599,4041,20,0.011594203
2023-05-25 08:02:20,1727,3598,4040,20,0.011594203
2023-05-25 08:02:24.400000,1728,3597,4039,20,0.011594203
2023-05-25 08:02:34,1729,3596,4041,20,0.011594203
2023-05-25 08:02:37.600000,1730,3595,4039,20,0.011594203
2023-05-25 08:02:43.400000,1731,3595,4039,21,0.012131716
2023-05-25 08:02:47.200000,1732,3593,4037,21,0.012131716
2023-05-25 08:02:52.600000,1733,3593,4037,21,0.012131716
2023-05-25 08:02:56.400000,1734,3592,4035,21,0.012131716
2023-05-25 08:03:05.600000,1735,3593,4035,21,0.012131716
2023-05-25 08:03:11.600000,1736,3592,4034,21,0.012131716
2023-05-25 08:03:21.200000,1737,3594,4033,21,0.012131716
2023-05-25 08:03:25,1738,3593,4032,21,0.012131716
2023-05-25 08:03:34.200000,1739,3595,4031,21,0.012131716
2023-05-25 08:03:43.800000,1740,3597,4030,21,0.012131716
2023-05-25 08:03:52.200000,1741,3598,4028,21,0.012131716
2023-05-25 08:03:56,1742,3598,4027,21,0.012131716
2023-05-25 08:04:00.800000,1743,3597,4026,21,0.012131716
2023-05-25 08:04:05,1744,3595,4025,21,0.012131716
2023-05-25 08:04:10.200000,1745,3594,4024,21,0.012131716
2023-05-25 08:04:14.400000,1746,3593,4023,21,0.012131716
2023-05-25 08:04:19.600000,1747,3592,4022,21,0.012131716
2023-05-25 08:04:25.200000,1748,3591,4022,21,0.012131716
2023-05-25 08:04:34.800000,1749,3593,4021,21,0.012131716
2023-05-25 08:04:38.800000,1750,3592,4020,21,0.012131716
2023-05-25 08:04:44.800000,1751,3591,4020,21,0.012131716
2023-05-25 08:04:48.400000,1752,3590,4018,21,0.012131716
2023-05-25 08:04:53.600000,1753,3589,4018,21,0.012131716
2023-05-25 08:04:57.600000,1754,3588,4016,21,0.012131716
2023-05-25 08:05:03,1755,3587,4016,21,0.012131716
2023-05-25 08:05:07.400000,1756,3586,4015,21,0.012131716
2023-05-25 08:05:12.200000,1757,3585,4014,21,0.012131716
2023-05-25 08:05:16.200000,1758,3584,4013,21,0.012131716
2023-05-25 08:05:21,1759,3583,4012,21,0.012131716
2023-05-25 08:05:25,1760,3582,4011,21,0.012131716
2023-05-25 08:05:30.800000,1761,3581,4011,21,0.012131716
2023-05-25 08:05:34.800000,1762,3580,4009,21,0.012131716
2023-05-25 08:05:43,1763,3581,4008,21,0.012131716
2023-05-25 08:05:47.800000,1764,3580,4007,21,0.012131716
2023-05-25 08:05:52.600000,1765,3579,4007,21,0.012131716
2023-05-25 08:05:56.600000,1766,3578,4005,21,0.012131716
2023-05-25 08:06:05.600000,1767,3577,4007,21,0.012131716
2023-05-25 08:06:10,1768,3576,4006,21,0.012131716
2023-05-25 08:06:14.800000,1769,3575,4005,21,0.012131716
2023-05-25 08:06:19.600000,1770,3574,4004,21,0.012131716
2023-05-25 08:06:23.400000,1771,3573,4003,21,0.012131716
2023-05-25 08:06:27.400000,1772,3572,4002,21,0.012131716
2023-05-25 08:06:32.200000,1773,3571,4001,21,0.012131716
2023-05-25 08:06:36.400000,1774,3570,4000,21,0.012131716
2023-05-25 08:06:40.400000,1775,3569,3998,21,0.012131716
2023-05-25 08:06:45.800000,1776,3568,3998,21,0.012131716
2023-05-25 08:06:50.200000,1777,3567,3997,21,0.012131716
2023-05-25 08:06:54.200000,1778,3566,3996,21,0.012131716
2023-05-25 08:06:58.800000,1779,3565,3995,21,0.012131716
2023-05-25 08:07:02.600000,1780,3564,3994,21,0.012131716
2023-05-25 08:07:07.600000,1781,3563,3993,21,0.012131716
2023-05-25 08:07:12.400000,1782,3562,3992,21,0.012131716
2023-05-25 08:07:21.800000,1783,3561,3994,21,0.012131716
2023-05-25 08:07:42.800000,1784,3560,4002,21,0.012131716
2023-05-25 08:07:46.600000,1785,3559,4001,21,0.012131716
2023-05-25 08:07:51.800000,1786,3558,4000,21,0.012131716
2023-05-25 08:07:59.400000,1787,3557,4001,21,0.012131716
2023-05-25 08:08:03.400000,1788,3556,4000,21,0.012131716
2023-05-25 08:08:07.200000,1789,3555,3999,21,0.012131716
